450 120 true
Current Pedestrians
Current Vehicles
Current Objects
End Step
SimulationStep: 1
Current Pedestrians
Current Vehicles
1510 1537 1510 1537 1548 1548 1557 1557 161 7 102
61498 61462 61498 61462 1630 1630 1648 1648 33 168 133
61490 61463 61490 61463 1616 1616 1625 1625 183 180 155
Current Objects
End Step
SimulationStep: 2
Current Pedestrians
60027 1501 false
Current Vehicles
1539 1566 1539 1566 1548 1548 1557 1557 161 7 102
61495 61459 61495 61459 1630 1630 1648 1648 33 168 133
61461 61434 61461 61434 1616 1616 1625 1625 183 180 155
1505 1545 1505 1545 1561 1561 1582 1582 46 113 112
Current Objects
End Step
SimulationStep: 3
Current Pedestrians
60027 1502 false
Current Vehicles
1598 1625 1598 1625 1548 1548 1557 1557 161 7 102
61490 61454 61490 61454 1630 1630 1648 1648 33 168 133
61402 61375 61402 61375 1616 1616 1625 1625 183 180 155
1516 1556 1516 1556 1561 1561 1582 1582 46 113 112
Current Objects
End Step
SimulationStep: 4
Current Pedestrians
60027 1502 false
Current Vehicles
1694 1721 1694 1721 1548 1548 1557 1557 161 7 102
61481 61445 61481 61445 1630 1630 1648 1648 33 168 133
61306 61279 61306 61279 1616 1616 1625 1625 183 180 155
1540 1580 1540 1580 1561 1561 1582 1582 46 113 112
1510 1537 1510 1537 1548 1548 1557 1557 237 53 56
Current Objects
End Step
SimulationStep: 5
Current Pedestrians
60027 1503 false
Current Vehicles
1829 1856 1829 1856 1548 1548 1557 1557 161 7 102
61469 61433 61469 61433 1630 1630 1648 1648 33 168 133
61171 61144 61171 61144 1616 1616 1625 1625 183 180 155
1578 1617 1578 1617 1561 1561 1582 1582 46 113 112
1539 1566 1539 1566 1548 1548 1557 1557 237 53 56
Current Objects
End Step
SimulationStep: 6
Current Pedestrians
60027 1504 false
Current Vehicles
2007 2034 2007 2034 1548 1548 1557 1557 161 7 102
61452 61416 61452 61416 1630 1630 1648 1648 33 168 133
60993 60966 60993 60966 1616 1615 1625 1624 183 180 155
1631 1671 1631 1671 1561 1561 1582 1582 46 113 112
1598 1625 1598 1625 1548 1548 1557 1557 237 53 56
Current Objects
End Step
SimulationStep: 7
Current Pedestrians
60027 1505 false
Current Vehicles
2224 2251 2224 2251 1548 1548 1557 1557 161 7 102
61433 61397 61433 61397 1630 1630 1648 1648 33 168 133
60776 60749 60776 60749 1616 1616 1625 1625 183 180 155
1701 1741 1701 1741 1561 1561 1582 1582 46 113 112
1694 1721 1694 1721 1548 1548 1557 1557 237 53 56
61498 61462 61498 61462 1592 1592 1610 1610 117 138 162
61498 61462 61498 61462 1630 1630 1648 1648 81 222 16
Current Objects
End Step
SimulationStep: 8
Current Pedestrians
60027 1505 false
Current Vehicles
2479 2506 2479 2506 1548 1548 1557 1557 161 7 102
61410 61374 61410 61374 1630 1630 1648 1648 33 168 133
60521 60494 60521 60494 1616 1616 1625 1625 183 180 155
1788 1827 1788 1827 1561 1561 1582 1582 46 113 112
1829 1856 1829 1856 1548 1548 1557 1557 237 53 56
61495 61459 61495 61459 1592 1592 1610 1610 117 138 162
61495 61459 61495 61459 1630 1630 1648 1648 81 222 16
1538 1613 1538 1613 1532 1532 1558 1558 90 30 98
1510 1537 1510 1537 1571 1571 1580 1580 24 16 141
Current Objects
End Step
SimulationStep: 9
Current Pedestrians
60027 1506 false
Current Vehicles
2766 2793 2766 2793 1548 1548 1557 1557 161 7 102
61385 61349 61385 61349 1630 1630 1648 1648 33 168 133
60234 60207 60234 60207 1616 1616 1625 1625 183 180 155
1889 1928 1889 1928 1561 1561 1582 1582 46 113 112
2007 2034 2007 2034 1548 1548 1557 1557 237 53 56
61490 61454 61490 61454 1592 1592 1610 1610 117 138 162
61494 61458 61494 61458 1637 1637 1655 1655 81 222 16
1592 1667 1592 1667 1532 1532 1558 1558 90 30 98
1539 1566 1539 1566 1556 1556 1565 1565 24 16 141
61490 61463 61490 61463 1616 1616 1625 1625 140 255 122
Current Objects
End Step
SimulationStep: 10
Current Pedestrians
60027 1507 false
Current Vehicles
3080 3107 3080 3107 1548 1548 1557 1557 161 7 102
61358 61322 61358 61322 1630 1630 1648 1648 33 168 133
59920 59893 59920 59893 1616 1616 1625 1625 183 180 155
2002 2042 2002 2042 1561 1561 1582 1582 46 113 112
2224 2251 2224 2251 1548 1548 1557 1557 237 53 56
61481 61445 61481 61445 1592 1592 1610 1610 117 138 162
61492 61456 61492 61456 1637 1637 1655 1655 81 222 16
1684 1759 1684 1759 1532 1532 1558 1558 90 30 98
1548 1575 1548 1575 1563 1563 1572 1572 24 16 141
61461 61434 61461 61434 1616 1616 1625 1625 140 255 122
Current Objects
End Step
SimulationStep: 11
Current Pedestrians
60027 1508 false
Current Vehicles
3417 3444 3417 3444 1548 1548 1557 1557 161 7 102
61330 61294 61330 61294 1630 1630 1648 1648 33 168 133
59583 59556 59583 59556 1615 1616 1624 1625 183 180 155
2127 2167 2127 2167 1561 1561 1582 1582 46 113 112
2479 2506 2479 2506 1548 1548 1557 1557 237 53 56
61469 61433 61469 61433 1592 1592 1610 1610 117 138 162
61486 61450 61486 61450 1637 1637 1655 1655 81 222 16
1818 1893 1818 1893 1532 1532 1558 1558 90 30 98
1577 1604 1577 1604 1563 1563 1572 1572 24 16 141
61402 61375 61402 61375 1616 1616 1625 1625 140 255 122
Current Objects
End Step
SimulationStep: 12
Current Pedestrians
60027 1508 false
Current Vehicles
3773 3800 3773 3800 1548 1548 1557 1557 161 7 102
61300 61264 61300 61264 1630 1630 1648 1648 33 168 133
59227 59200 59227 59200 1615 1615 1624 1624 183 180 155
2261 2301 2261 2301 1561 1561 1582 1582 46 113 112
2766 2793 2766 2793 1548 1548 1557 1557 237 53 56
61452 61416 61452 61416 1592 1592 1610 1610 117 138 162
61478 61442 61478 61442 1637 1637 1655 1655 81 222 16
1998 2073 1998 2073 1532 1532 1558 1558 90 30 98
1636 1663 1636 1663 1563 1563 1572 1572 24 16 141
61306 61279 61306 61279 1616 1616 1625 1625 140 255 122
61498 61462 61498 61462 1615 1615 1633 1633 25 31 75
Current Objects
End Step
SimulationStep: 13
Current Pedestrians
60027 1509 false
Current Vehicles
4143 4170 4143 4170 1548 1548 1557 1557 161 7 102
61269 61233 61269 61233 1630 1630 1648 1648 33 168 133
58857 58830 58857 58830 1616 1616 1625 1625 183 180 155
2403 2443 2403 2443 1561 1561 1582 1582 46 113 112
3042 3069 3042 3069 1548 1548 1557 1557 237 53 56
61433 61397 61433 61397 1592 1592 1610 1610 117 138 162
61465 61429 61465 61429 1637 1637 1655 1655 81 222 16
2220 2295 2220 2295 1532 1532 1558 1558 90 30 98
1731 1758 1731 1758 1563 1563 1572 1572 24 16 141
61171 61144 61171 61144 1616 1616 1625 1625 140 255 122
61495 61459 61495 61459 1615 1615 1633 1633 25 31 75
1505 1545 1505 1545 1546 1546 1567 1567 158 131 134
Current Objects
End Step
SimulationStep: 14
Current Pedestrians
60027 1510 false
Current Vehicles
4524 4551 4524 4551 1548 1548 1557 1557 161 7 102
61237 61201 61237 61201 1630 1630 1648 1648 33 168 133
58476 58449 58476 58449 1616 1616 1625 1625 183 180 155
2550 2590 2550 2590 1561 1561 1582 1582 46 113 112
3306 3333 3306 3333 1548 1548 1557 1557 237 53 56
61410 61374 61410 61374 1592 1592 1610 1610 117 138 162
61449 61413 61449 61413 1637 1637 1655 1655 81 222 16
2481 2556 2481 2556 1532 1532 1558 1558 90 30 98
1867 1894 1867 1894 1563 1563 1572 1572 24 16 141
60993 60966 60993 60966 1616 1615 1625 1624 140 255 122
61490 61454 61490 61454 1615 1615 1633 1633 25 31 75
1516 1556 1516 1556 1546 1546 1567 1567 158 131 134
Current Objects
End Step
SimulationStep: 15
Current Pedestrians
60027 1511 false
Current Vehicles
4914 4941 4914 4941 1548 1548 1557 1557 161 7 102
61205 61169 61205 61169 1630 1630 1648 1648 33 168 133
58086 58059 58086 58059 1616 1616 1625 1625 183 180 155
2702 2742 2702 2742 1561 1561 1582 1582 46 113 112
3599 3626 3599 3626 1548 1548 1557 1557 237 53 56
61385 61349 61385 61349 1592 1592 1610 1610 117 138 162
61430 61394 61430 61394 1637 1637 1655 1655 81 222 16
2776 2851 2776 2851 1532 1532 1558 1558 90 30 98
2044 2071 2044 2071 1563 1563 1572 1572 24 16 141
60776 60749 60776 60749 1616 1616 1625 1625 140 255 122
61481 61445 61481 61445 1615 1615 1633 1633 25 31 75
1540 1580 1540 1580 1546 1546 1567 1567 158 131 134
61490 61463 61490 61463 1646 1646 1655 1655 215 172 101
Current Objects
End Step
SimulationStep: 16
Current Pedestrians
60027 1511 false
Current Vehicles
5310 5337 5310 5337 1548 1548 1557 1557 161 7 102
61173 61137 61173 61137 1630 1630 1648 1648 33 168 133
57690 57663 57690 57663 1616 1616 1625 1625 183 180 155
2858 2898 2858 2898 1561 1561 1582 1582 46 113 112
3918 3945 3918 3945 1548 1548 1557 1557 237 53 56
61358 61322 61358 61322 1592 1592 1610 1610 117 138 162
61407 61371 61407 61371 1637 1637 1655 1655 81 222 16
3099 3174 3099 3174 1532 1532 1558 1558 90 30 98
2262 2289 2262 2289 1563 1563 1572 1572 24 16 141
60521 60494 60521 60494 1616 1616 1625 1625 140 255 122
61469 61433 61469 61433 1615 1615 1633 1633 25 31 75
1578 1617 1578 1617 1546 1546 1567 1567 158 131 134
61469 61442 61469 61442 1646 1646 1655 1655 215 172 101
Current Objects
End Step
SimulationStep: 17
Current Pedestrians
60027 1512 false
Current Vehicles
5711 5738 5711 5738 1548 1548 1557 1557 161 7 102
61140 61104 61140 61104 1630 1630 1648 1648 33 168 133
57289 57262 57289 57262 1616 1616 1625 1625 183 180 155
3016 3056 3016 3056 1561 1561 1582 1582 46 113 112
4258 4285 4258 4285 1548 1548 1557 1557 237 53 56
61330 61294 61330 61294 1592 1592 1610 1610 117 138 162
61382 61346 61382 61346 1637 1637 1655 1655 81 222 16
3445 3520 3445 3520 1532 1532 1558 1558 90 30 98
2517 2544 2517 2544 1563 1563 1572 1572 24 16 141
60234 60207 60234 60207 1616 1616 1625 1625 140 255 122
61452 61416 61452 61416 1615 1615 1633 1633 25 31 75
1631 1671 1631 1671 1546 1546 1567 1567 158 131 134
61438 61411 61438 61411 1646 1645 1655 1654 215 172 101
Current Objects
End Step
SimulationStep: 18
Current Pedestrians
60027 1513 false
Current Vehicles
6117 6144 6117 6144 1548 1548 1557 1557 161 7 102
61107 61071 61107 61071 1630 1630 1648 1648 33 168 133
56883 56856 56883 56856 1616 1615 1625 1624 183 180 155
3176 3216 3176 3216 1561 1561 1582 1582 46 113 112
4617 4644 4617 4644 1548 1548 1557 1557 237 53 56
61300 61264 61300 61264 1592 1592 1610 1610 117 138 162
61355 61319 61355 61319 1637 1637 1655 1655 81 222 16
3808 3883 3808 3883 1532 1532 1558 1558 90 30 98
3052 3079 3052 3079 1548 1548 1557 1557 24 16 141
59920 59893 59920 59893 1616 1616 1625 1625 140 255 122
61433 61397 61433 61397 1615 1615 1633 1633 25 31 75
1701 1741 1701 1741 1546 1546 1567 1567 158 131 134
61407 61380 61407 61380 1646 1646 1655 1655 215 172 101
1502 1538 1502 1538 1532 1532 1550 1550 202 106 193
Current Objects
End Step
SimulationStep: 19
Current Pedestrians
60027 1514 false
Current Vehicles
6525 6552 6525 6552 1548 1548 1557 1557 161 7 102
61074 61038 61074 61038 1630 1630 1648 1648 33 168 133
56475 56448 56475 56448 1616 1616 1625 1625 183 180 155
3338 3378 3338 3378 1561 1561 1582 1582 46 113 112
4989 5016 4989 5016 1548 1548 1557 1557 237 53 56
61269 61233 61269 61233 1592 1592 1610 1610 117 138 162
61326 61290 61326 61290 1637 1637 1655 1655 81 222 16
4185 4260 4185 4260 1532 1532 1558 1558 90 30 98
3286 3313 3286 3313 1548 1548 1557 1557 24 16 141
59583 59556 59583 59556 1615 1616 1624 1625 140 255 122
61410 61374 61410 61374 1615 1615 1633 1633 25 31 75
1788 1827 1788 1827 1546 1546 1567 1567 158 131 134
61407 61380 61407 61380 1646 1646 1655 1655 215 172 101
1505 1541 1505 1541 1532 1532 1550 1550 202 106 193
1502 1538 1502 1538 1555 1555 1573 1573 236 99 3
Current Objects
End Step
SimulationStep: 20
Current Pedestrians
60027 1514 false
Current Vehicles
6935 6962 6935 6962 1548 1548 1557 1557 161 7 102
61041 61005 61041 61005 1630 1630 1648 1648 33 168 133
56065 56038 56065 56038 1608 1608 1617 1617 183 180 155
3501 3541 3501 3541 1561 1561 1582 1582 46 113 112
5371 5398 5371 5398 1548 1548 1557 1557 237 53 56
61237 61201 61237 61201 1592 1592 1610 1610 117 138 162
61296 61260 61296 61260 1637 1637 1655 1655 81 222 16
4573 4648 4573 4648 1532 1532 1558 1558 90 30 98
3486 3513 3486 3513 1548 1548 1557 1557 24 16 141
59227 59200 59227 59200 1615 1615 1624 1624 140 255 122
61385 61349 61385 61349 1615 1615 1633 1633 25 31 75
1889 1928 1889 1928 1546 1546 1567 1567 158 131 134
61399 61372 61399 61372 1646 1646 1655 1655 215 172 101
1510 1546 1510 1546 1532 1532 1550 1550 202 106 193
1505 1541 1505 1541 1555 1555 1573 1573 236 99 3
Current Objects
End Step
SimulationStep: 21
Current Pedestrians
60027 1515 false
28133 1502 false
Current Vehicles
7347 7374 7347 7374 1548 1548 1557 1557 161 7 102
61008 60972 61008 60972 1630 1630 1648 1648 33 168 133
56065 56038 56065 56038 1601 1601 1610 1610 183 180 155
3665 3705 3665 3705 1561 1561 1582 1582 46 113 112
5763 5790 5763 5790 1548 1548 1557 1557 237 53 56
61205 61169 61205 61169 1592 1592 1610 1610 117 138 162
61265 61229 61265 61229 1637 1637 1655 1655 81 222 16
4968 5043 4968 5043 1532 1532 1558 1558 90 30 98
3725 3752 3725 3752 1548 1548 1557 1557 24 16 141
59227 59200 59227 59200 1608 1608 1617 1617 140 255 122
61358 61322 61358 61322 1615 1615 1633 1633 25 31 75
2002 2042 2002 2042 1546 1546 1567 1567 158 131 134
61369 61342 61369 61342 1645 1645 1654 1654 215 172 101
1519 1555 1519 1555 1532 1532 1550 1550 202 106 193
1510 1546 1510 1546 1555 1555 1573 1573 236 99 3
Current Objects
End Step
SimulationStep: 22
Current Pedestrians
60027 1516 false
28133 1505 false
Current Vehicles
7760 7787 7760 7787 1548 1548 1557 1557 161 7 102
60975 60939 60975 60939 1630 1630 1648 1648 33 168 133
55653 55626 55653 55626 1593 1593 1602 1602 183 180 155
3830 3870 3830 3870 1561 1561 1582 1582 46 113 112
6160 6187 6160 6187 1548 1548 1557 1557 237 53 56
61173 61137 61173 61137 1592 1592 1610 1610 117 138 162
61234 61198 61234 61198 1637 1637 1655 1655 81 222 16
5368 5443 5368 5443 1532 1532 1558 1558 90 30 98
3998 4025 3998 4025 1548 1548 1557 1557 24 16 141
59227 59200 59227 59200 1600 1600 1609 1609 140 255 122
61330 61294 61330 61294 1615 1615 1633 1633 25 31 75
2127 2167 2127 2167 1546 1546 1567 1567 158 131 134
61317 61290 61317 61290 1646 1646 1655 1655 215 172 101
1531 1567 1531 1567 1532 1532 1550 1550 202 106 193
1519 1555 1519 1555 1555 1555 1573 1573 236 99 3
61497 61469 61497 61469 1638 1638 1646 1646 24 95 148
Current Objects
End Step
SimulationStep: 23
Current Pedestrians
60027 1517 false
28133 1507 false
Current Vehicles
8174 8201 8174 8201 1548 1548 1557 1557 161 7 102
60942 60906 60942 60906 1630 1630 1648 1648 33 168 133
55240 55213 55240 55213 1593 1593 1602 1602 183 180 155
3995 4035 3995 4035 1561 1561 1582 1582 46 113 112
6562 6589 6562 6589 1548 1548 1557 1557 237 53 56
61140 61104 61140 61104 1592 1592 1610 1610 117 138 162
61202 61166 61202 61166 1637 1637 1655 1655 81 222 16
5368 5443 5368 5443 1540 1540 1566 1566 90 30 98
4301 4328 4301 4328 1548 1548 1557 1557 24 16 141
59227 59200 59227 59200 1593 1593 1602 1602 140 255 122
61300 61264 61300 61264 1615 1615 1633 1633 25 31 75
2261 2301 2261 2301 1546 1546 1567 1567 158 131 134
61265 61238 61265 61238 1646 1646 1655 1655 215 172 101
1548 1584 1548 1584 1532 1532 1550 1550 202 106 193
1531 1567 1531 1567 1555 1555 1573 1573 236 99 3
61493 61464 61493 61464 1638 1638 1646 1646 24 95 148
Current Objects
End Step
SimulationStep: 24
Current Pedestrians
60027 1517 false
28133 1509 false
Current Vehicles
8589 8616 8589 8616 1548 1548 1557 1557 161 7 102
60908 60872 60908 60872 1630 1630 1648 1648 33 168 133
54826 54799 54826 54799 1593 1593 1602 1602 183 180 155
4161 4200 4161 4200 1561 1561 1582 1582 46 113 112
6946 6973 6946 6973 1548 1548 1557 1557 237 53 56
61107 61071 61107 61071 1592 1592 1610 1610 117 138 162
61169 61133 61169 61133 1637 1637 1655 1655 81 222 16
5773 5848 5773 5848 1547 1547 1573 1573 90 30 98
4629 4656 4629 4656 1548 1548 1557 1557 24 16 141
58857 58830 58857 58830 1586 1586 1595 1595 140 255 122
61269 61233 61269 61233 1615 1615 1633 1633 25 31 75
2403 2443 2403 2443 1546 1546 1567 1567 158 131 134
61226 61199 61226 61199 1646 1646 1655 1655 215 172 101
1567 1603 1567 1603 1532 1532 1550 1550 202 106 193
1548 1584 1548 1584 1555 1555 1573 1573 236 99 3
61484 61455 61484 61455 1638 1638 1646 1646 24 95 148
Current Objects
End Step
SimulationStep: 25
Current Pedestrians
60027 1518 false
28133 1511 false
Current Vehicles
9004 9031 9004 9031 1548 1548 1557 1557 161 7 102
60875 60839 60875 60839 1630 1630 1648 1648 33 168 133
54411 54384 54411 54384 1593 1593 1602 1602 183 180 155
4326 4366 4326 4366 1561 1561 1582 1582 46 113 112
7315 7342 7315 7342 1548 1548 1557 1557 237 53 56
61074 61038 61074 61038 1592 1592 1610 1610 117 138 162
61137 61101 61137 61101 1637 1637 1655 1655 81 222 16
6086 6161 6086 6161 1547 1547 1573 1573 90 30 98
4976 5003 4976 5003 1548 1548 1557 1557 24 16 141
58476 58449 58476 58449 1586 1586 1595 1595 140 255 122
61237 61201 61237 61201 1615 1615 1633 1633 25 31 75
2550 2590 2550 2590 1546 1546 1567 1567 158 131 134
61193 61166 61193 61166 1646 1646 1655 1655 215 172 101
1590 1626 1590 1626 1532 1532 1550 1550 202 106 193
1567 1603 1567 1603 1555 1555 1573 1573 236 99 3
61470 61441 61470 61441 1638 1638 1646 1646 24 95 148
Current Objects
End Step
SimulationStep: 26
Current Pedestrians
60027 1519 false
28133 1514 false
Current Vehicles
9420 9447 9420 9447 1548 1548 1557 1557 161 7 102
60842 60806 60842 60806 1630 1630 1648 1648 33 168 133
53996 53969 53996 53969 1593 1593 1602 1602 183 180 155
4492 4532 4492 4532 1561 1561 1582 1582 46 113 112
7692 7719 7692 7719 1548 1548 1557 1557 237 53 56
61041 61005 61041 61005 1592 1592 1610 1610 117 138 162
61104 61068 61104 61068 1637 1637 1655 1655 81 222 16
6325 6400 6325 6400 1547 1547 1573 1573 90 30 98
5340 5367 5340 5367 1548 1548 1557 1557 24 16 141
58086 58059 58086 58059 1586 1586 1595 1595 140 255 122
61205 61169 61205 61169 1615 1615 1633 1633 25 31 75
2702 2742 2702 2742 1546 1546 1567 1567 158 131 134
61193 61166 61193 61166 1646 1646 1655 1655 215 172 101
1615 1651 1615 1651 1532 1532 1550 1550 202 106 193
1590 1626 1590 1626 1555 1555 1573 1573 236 99 3
61449 61421 61449 61421 1638 1638 1646 1646 24 95 148
Current Objects
End Step
SimulationStep: 27
Current Pedestrians
60027 1520 false
28133 1516 false
Current Vehicles
9835 9862 9835 9862 1548 1548 1557 1557 161 7 102
60809 60773 60809 60773 1630 1630 1648 1648 33 168 133
53580 53553 53580 53553 1593 1593 1602 1602 183 180 155
4659 4698 4659 4698 1561 1561 1582 1582 46 113 112
8077 8104 8077 8104 1548 1548 1557 1557 237 53 56
61008 60972 61008 60972 1592 1592 1610 1610 117 138 162
61071 61035 61071 61035 1637 1637 1655 1655 81 222 16
6602 6677 6602 6677 1547 1547 1573 1573 90 30 98
5717 5744 5717 5744 1548 1548 1557 1557 24 16 141
57690 57663 57690 57663 1586 1586 1595 1595 140 255 122
61173 61137 61173 61137 1615 1615 1633 1633 25 31 75
2858 2898 2858 2898 1546 1546 1567 1567 158 131 134
61184 61157 61184 61157 1646 1646 1655 1655 215 172 101
1642 1678 1642 1678 1532 1532 1550 1550 202 106 193
1615 1651 1615 1651 1555 1555 1573 1573 236 99 3
61423 61394 61423 61394 1638 1638 1646 1646 24 95 148
Current Objects
End Step
SimulationStep: 28
Current Pedestrians
60027 1520 false
28133 1518 false
Current Vehicles
10251 10278 10251 10278 1548 1548 1557 1557 161 7 102
60775 60739 60775 60739 1630 1630 1648 1648 33 168 133
53165 53138 53165 53138 1593 1593 1602 1602 183 180 155
4825 4865 4825 4865 1561 1561 1582 1582 46 113 112
8470 8497 8470 8497 1548 1548 1557 1557 237 53 56
60975 60939 60975 60939 1592 1592 1610 1610 117 138 162
61038 61002 61038 61002 1637 1637 1655 1655 81 222 16
6909 6984 6909 6984 1547 1547 1573 1573 90 30 98
6005 6032 6005 6032 1548 1548 1557 1557 24 16 141
57289 57262 57289 57262 1586 1586 1595 1595 140 255 122
61140 61104 61140 61104 1615 1615 1633 1633 25 31 75
3016 3056 3016 3056 1546 1546 1567 1567 158 131 134
61155 61128 61155 61128 1646 1646 1655 1655 215 172 101
1670 1706 1670 1706 1532 1532 1550 1550 202 106 193
1642 1678 1642 1678 1555 1555 1573 1573 236 99 3
61390 61362 61390 61362 1638 1638 1646 1646 24 95 148
61490 61463 61490 61463 1646 1646 1655 1655 85 19 47
61498 61462 61498 61462 1615 1615 1633 1633 22 249 45
Current Objects
End Step
SimulationStep: 29
Current Pedestrians
60027 1521 false
28133 1520 false
Current Vehicles
10668 10695 10668 10695 1548 1548 1557 1557 161 7 102
60742 60706 60742 60706 1630 1630 1648 1648 33 168 133
52749 52722 52749 52722 1593 1593 1602 1602 183 180 155
4991 5031 4991 5031 1561 1561 1582 1582 46 113 112
8868 8895 8868 8895 1548 1548 1557 1557 237 53 56
60942 60906 60942 60906 1592 1592 1610 1610 117 138 162
61005 60969 61005 60969 1637 1637 1655 1655 81 222 16
7242 7317 7242 7317 1547 1547 1573 1573 90 30 98
6220 6247 6220 6247 1548 1548 1557 1557 24 16 141
56883 56856 56883 56856 1586 1585 1595 1594 140 255 122
61107 61071 61107 61071 1615 1615 1633 1633 25 31 75
3176 3216 3176 3216 1546 1546 1567 1567 158 131 134
61099 61072 61099 61072 1646 1646 1655 1655 215 172 101
1700 1736 1700 1736 1532 1532 1550 1550 202 106 193
1670 1706 1670 1706 1555 1555 1573 1573 236 99 3
61352 61323 61352 61323 1638 1638 1646 1646 24 95 148
61461 61434 61461 61434 1646 1646 1655 1655 85 19 47
61495 61459 61495 61459 1615 1615 1633 1633 22 249 45
Current Objects
End Step
SimulationStep: 30
Current Pedestrians
60027 1522 false
28133 1523 false
Current Vehicles
11084 11111 11084 11111 1548 1548 1557 1557 161 7 102
60709 60673 60709 60673 1630 1630 1648 1648 33 168 133
52332 52305 52332 52305 1593 1593 1602 1602 183 180 155
5158 5198 5158 5198 1561 1561 1582 1582 46 113 112
9271 9298 9271 9298 1548 1548 1557 1557 237 53 56
60908 60872 60908 60872 1592 1592 1610 1610 117 138 162
60972 60936 60972 60936 1637 1637 1655 1655 81 222 16
7595 7670 7595 7670 1547 1547 1573 1573 90 30 98
6471 6498 6471 6498 1548 1548 1557 1557 24 16 141
56475 56448 56475 56448 1586 1586 1595 1595 140 255 122
61074 61038 61074 61038 1615 1615 1633 1633 25 31 75
3338 3378 3338 3378 1546 1546 1567 1567 158 131 134
61043 61016 61043 61016 1646 1645 1655 1654 215 172 101
1731 1767 1731 1767 1532 1532 1550 1550 202 106 193
1700 1736 1700 1736 1555 1555 1573 1573 236 99 3
61309 61280 61309 61280 1638 1638 1646 1646 24 95 148
61309 61282 61309 61282 1601 1601 1610 1610 85 19 47
61490 61454 61490 61454 1615 1615 1633 1633 22 249 45
Current Objects
End Step
SimulationStep: 31
Current Pedestrians
60027 1523 false
28133 1525 false
Current Vehicles
11500 11527 11500 11527 1548 1548 1557 1557 161 7 102
60675 60639 60675 60639 1630 1630 1648 1648 33 168 133
51916 51889 51916 51889 1593 1593 1602 1602 183 180 155
5324 5364 5324 5364 1561 1561 1582 1582 46 113 112
9678 9705 9678 9705 1548 1548 1557 1557 237 53 56
60875 60839 60875 60839 1592 1592 1610 1610 117 138 162
60938 60902 60938 60902 1637 1637 1655 1655 81 222 16
7965 8040 7965 8040 1547 1547 1573 1573 90 30 98
6756 6783 6756 6783 1548 1548 1557 1557 24 16 141
56065 56038 56065 56038 1586 1586 1595 1595 140 255 122
61041 61005 61041 61005 1615 1615 1633 1633 25 31 75
3501 3541 3501 3541 1546 1546 1567 1567 158 131 134
61043 61016 61043 61016 1646 1645 1655 1654 215 172 101
1763 1799 1763 1799 1532 1532 1550 1550 202 106 193
1731 1767 1731 1767 1555 1555 1573 1573 236 99 3
61262 61233 61262 61233 1638 1638 1646 1646 24 95 148
61175 61148 61175 61148 1638 1638 1647 1647 85 19 47
61481 61445 61481 61445 1615 1615 1633 1633 22 249 45
Current Objects
End Step
SimulationStep: 32
Current Pedestrians
60027 1523 false
28133 1527 false
Current Vehicles
11917 11944 11917 11944 1548 1548 1557 1557 161 7 102
60642 60606 60642 60606 1630 1630 1648 1648 33 168 133
51500 51473 51500 51473 1593 1593 1602 1602 183 180 155
5491 5531 5491 5531 1561 1561 1582 1582 46 113 112
10087 10114 10087 10114 1548 1548 1557 1557 237 53 56
60842 60806 60842 60806 1592 1592 1610 1610 117 138 162
60905 60869 60905 60869 1637 1637 1655 1655 81 222 16
8342 8417 8342 8417 1547 1547 1573 1573 90 30 98
7068 7095 7068 7095 1548 1548 1557 1557 24 16 141
55653 55626 55653 55626 1586 1586 1595 1595 140 255 122
61008 60972 61008 60972 1615 1615 1633 1633 25 31 75
3665 3705 3665 3705 1546 1546 1567 1567 158 131 134
61035 61008 61035 61008 1646 1646 1655 1655 215 172 101
1795 1831 1795 1831 1532 1532 1550 1550 202 106 193
1763 1799 1763 1799 1555 1555 1573 1573 236 99 3
61260 61232 61260 61232 1623 1623 1631 1631 24 95 148
61167 61140 61167 61140 1646 1646 1655 1655 85 19 47
61469 61433 61469 61433 1615 1615 1633 1633 22 249 45
61495 61455 61495 61455 1591 1591 1612 1612 8 19 80
Current Objects
End Step
SimulationStep: 33
Current Pedestrians
60027 1524 false
28133 1529 false
Current Vehicles
12333 12360 12333 12360 1548 1548 1557 1557 161 7 102
60609 60573 60609 60573 1630 1630 1648 1648 33 168 133
51083 51056 51083 51056 1593 1593 1602 1602 183 180 155
5657 5697 5657 5697 1561 1561 1582 1582 46 113 112
10498 10525 10498 10525 1548 1548 1557 1557 237 53 56
60809 60773 60809 60773 1592 1592 1610 1610 117 138 162
60872 60836 60872 60836 1637 1637 1655 1655 81 222 16
8722 8797 8722 8797 1547 1547 1573 1573 90 30 98
7380 7407 7380 7407 1548 1548 1557 1557 24 16 141
55240 55213 55240 55213 1586 1586 1595 1595 140 255 122
60975 60939 60975 60939 1615 1615 1633 1633 25 31 75
3830 3870 3830 3870 1546 1546 1567 1567 158 131 134
61006 60979 61006 60979 1646 1646 1655 1655 215 172 101
1827 1863 1827 1863 1532 1532 1550 1550 202 106 193
1795 1831 1795 1831 1555 1555 1573 1573 236 99 3
61256 61228 61256 61228 1623 1623 1631 1631 24 95 148
61137 61110 61137 61110 1646 1646 1655 1655 85 19 47
61452 61416 61452 61416 1615 1615 1633 1633 22 249 45
61484 61444 61484 61444 1591 1591 1612 1612 8 19 80
1505 1545 1505 1545 1561 1561 1582 1582 128 230 77
61497 61469 61497 61469 1638 1638 1646 1646 117 250 78
Current Objects
End Step
SimulationStep: 34
Current Pedestrians
60027 1525 false
28133 1532 false
Current Vehicles
12750 12777 12750 12777 1548 1548 1557 1557 161 7 102
60575 60539 60575 60539 1630 1630 1648 1648 33 168 133
50667 50640 50667 50640 1586 1586 1595 1595 183 180 155
5824 5864 5824 5864 1561 1561 1582 1582 46 113 112
10905 10932 10905 10932 1548 1548 1557 1557 237 53 56
60775 60739 60775 60739 1592 1592 1610 1610 117 138 162
60838 60802 60838 60802 1637 1637 1655 1655 81 222 16
9109 9184 9109 9184 1547 1547 1573 1573 90 30 98
7688 7715 7688 7715 1548 1548 1557 1557 24 16 141
54826 54799 54826 54799 1586 1586 1595 1595 140 255 122
60942 60906 60942 60906 1615 1615 1633 1633 25 31 75
3995 4035 3995 4035 1546 1546 1567 1567 158 131 134
60946 60919 60946 60919 1646 1646 1655 1655 215 172 101
1860 1896 1860 1896 1532 1532 1550 1550 202 106 193
1827 1863 1827 1863 1555 1555 1573 1573 236 99 3
61247 61219 61247 61219 1623 1623 1631 1631 24 95 148
61089 61062 61089 61062 1646 1646 1655 1655 85 19 47
61433 61397 61433 61397 1615 1615 1633 1633 22 249 45
61460 61420 61460 61420 1591 1591 1612 1612 8 19 80
1516 1556 1516 1556 1561 1561 1582 1582 128 230 77
61493 61464 61493 61464 1638 1638 1646 1646 117 250 78
1505 1545 1505 1545 1538 1538 1559 1559 65 123 30
Current Objects
End Step
SimulationStep: 35
Current Pedestrians
60027 1526 false
28133 1534 false
52587 1650 false
Current Vehicles
13167 13194 13167 13194 1548 1548 1557 1557 161 7 102
60542 60506 60542 60506 1630 1630 1648 1648 33 168 133
50250 50223 50250 50223 1586 1586 1595 1595 183 180 155
5991 6030 5991 6030 1561 1561 1582 1582 46 113 112
11311 11338 11311 11338 1548 1548 1557 1557 237 53 56
60742 60706 60742 60706 1592 1592 1610 1610 117 138 162
60805 60769 60805 60769 1637 1637 1655 1655 81 222 16
9504 9579 9504 9579 1547 1547 1573 1573 90 30 98
8018 8045 8018 8045 1548 1548 1557 1557 24 16 141
54411 54384 54411 54384 1586 1586 1595 1595 140 255 122
60908 60872 60908 60872 1615 1615 1633 1633 25 31 75
4161 4200 4161 4200 1546 1546 1567 1567 158 131 134
60880 60853 60880 60853 1646 1646 1655 1655 215 172 101
1893 1929 1893 1929 1532 1532 1550 1550 202 106 193
1860 1896 1860 1896 1555 1555 1573 1573 236 99 3
61233 61204 61233 61204 1623 1623 1631 1631 24 95 148
61061 61034 61061 61034 1646 1646 1655 1655 85 19 47
61410 61374 61410 61374 1615 1615 1633 1633 22 249 45
61422 61383 61422 61383 1591 1591 1612 1612 8 19 80
1540 1580 1540 1580 1561 1561 1582 1582 128 230 77
61484 61455 61484 61455 1638 1638 1646 1646 117 250 78
1516 1556 1516 1556 1538 1538 1559 1559 65 123 30
Current Objects
End Step
SimulationStep: 36
Current Pedestrians
60027 1526 false
28133 1536 false
52587 1650 false
35364 1501 false
Current Vehicles
13583 13610 13583 13610 1548 1548 1557 1557 161 7 102
60509 60473 60509 60473 1630 1630 1648 1648 33 168 133
49833 49806 49833 49806 1586 1586 1595 1595 183 180 155
6157 6197 6157 6197 1561 1561 1582 1582 46 113 112
11719 11746 11719 11746 1548 1548 1557 1557 237 53 56
60709 60673 60709 60673 1592 1592 1610 1610 117 138 162
60772 60736 60772 60736 1637 1637 1655 1655 81 222 16
9905 9980 9905 9980 1547 1547 1573 1573 90 30 98
8368 8395 8368 8395 1548 1548 1557 1557 24 16 141
53996 53969 53996 53969 1586 1586 1595 1595 140 255 122
60875 60839 60875 60839 1615 1615 1633 1633 25 31 75
4326 4366 4326 4366 1546 1546 1567 1567 158 131 134
60827 60800 60827 60800 1645 1646 1654 1655 215 172 101
1926 1962 1926 1962 1532 1532 1550 1550 202 106 193
1893 1929 1893 1929 1555 1555 1573 1573 236 99 3
61213 61184 61213 61184 1623 1623 1631 1631 24 95 148
61049 61022 61049 61022 1646 1646 1655 1655 85 19 47
61385 61349 61385 61349 1615 1615 1633 1633 22 249 45
61369 61329 61369 61329 1591 1591 1612 1612 8 19 80
1578 1617 1578 1617 1561 1561 1582 1582 128 230 77
61470 61441 61470 61441 1638 1638 1646 1646 117 250 78
1540 1580 1540 1580 1538 1538 1559 1559 65 123 30
Current Objects
End Step
SimulationStep: 37
Current Pedestrians
60027 1527 false
28133 1538 false
52587 1650 false
35364 1502 false
Current Vehicles
14000 14027 14000 14027 1548 1548 1557 1557 161 7 102
60475 60439 60475 60439 1630 1630 1648 1648 33 168 133
49417 49390 49417 49390 1586 1586 1595 1595 183 180 155
6324 6364 6324 6364 1561 1561 1582 1582 46 113 112
12130 12157 12130 12157 1548 1548 1557 1557 237 53 56
60675 60639 60675 60639 1592 1592 1610 1610 117 138 162
60739 60703 60739 60703 1637 1637 1655 1655 81 222 16
10310 10385 10310 10385 1547 1547 1573 1573 90 30 98
8733 8760 8733 8760 1548 1548 1557 1557 24 16 141
53580 53553 53580 53553 1586 1586 1595 1595 140 255 122
60842 60806 60842 60806 1615 1615 1633 1633 25 31 75
4492 4532 4492 4532 1546 1546 1567 1567 158 131 134
60745 60718 60745 60718 1616 1616 1625 1625 215 172 101
1959 1995 1959 1995 1532 1532 1550 1550 202 106 193
1926 1962 1926 1962 1555 1555 1573 1573 236 99 3
61186 61157 61186 61157 1623 1623 1631 1631 24 95 148
61014 60987 61014 60987 1646 1646 1655 1655 85 19 47
61358 61322 61358 61322 1615 1615 1633 1633 22 249 45
61299 61259 61299 61259 1591 1591 1612 1612 8 19 80
1631 1671 1631 1671 1561 1561 1582 1582 128 230 77
61449 61421 61449 61421 1638 1638 1646 1646 117 250 78
1578 1617 1578 1617 1538 1538 1559 1559 65 123 30
Current Objects
End Step
SimulationStep: 38
Current Pedestrians
60027 1528 false
28133 1541 false
52587 1650 false
35364 1502 false
Current Vehicles
14416 14443 14416 14443 1548 1548 1557 1557 161 7 102
60442 60406 60442 60406 1630 1630 1648 1648 33 168 133
49417 49390 49417 49390 1586 1586 1595 1595 183 180 155
6491 6530 6491 6530 1561 1561 1582 1582 46 113 112
12542 12569 12542 12569 1548 1548 1557 1557 237 53 56
60642 60606 60642 60606 1592 1592 1610 1610 117 138 162
60705 60669 60705 60669 1637 1637 1655 1655 81 222 16
10718 10793 10718 10793 1547 1547 1573 1573 90 30 98
9111 9138 9111 9138 1548 1548 1557 1557 24 16 141
53165 53138 53165 53138 1586 1586 1595 1595 140 255 122
60809 60773 60809 60773 1615 1615 1633 1633 25 31 75
4659 4698 4659 4698 1546 1546 1567 1567 158 131 134
60666 60639 60666 60639 1616 1616 1625 1625 215 172 101
1992 2028 1992 2028 1532 1532 1550 1550 202 106 193
1959 1995 1959 1995 1555 1555 1573 1573 236 99 3
61153 61125 61153 61125 1623 1623 1631 1631 24 95 148
60947 60920 60947 60920 1646 1646 1655 1655 85 19 47
61330 61294 61330 61294 1615 1615 1633 1633 22 249 45
61212 61173 61212 61173 1591 1591 1612 1612 8 19 80
1701 1741 1701 1741 1561 1561 1582 1582 128 230 77
61423 61394 61423 61394 1638 1638 1646 1646 117 250 78
1631 1671 1631 1671 1538 1538 1559 1559 65 123 30
1502 1538 1502 1538 1517 1517 1535 1535 208 74 81
61490 61463 61490 61463 1593 1593 1602 1602 159 180 214
Current Objects
End Step
SimulationStep: 39
Current Pedestrians
60027 1529 false
28133 1543 false
52587 1650 false
35364 1503 false
Current Vehicles
14833 14860 14833 14860 1548 1548 1557 1557 161 7 102
60409 60373 60409 60373 1630 1630 1648 1648 33 168 133
49417 49390 49417 49390 1586 1586 1595 1595 183 180 155
6657 6697 6657 6697 1561 1561 1582 1582 46 113 112
12953 12980 12953 12980 1548 1548 1557 1557 237 53 56
60609 60573 60609 60573 1592 1592 1610 1610 117 138 162
60672 60636 60672 60636 1637 1637 1655 1655 81 222 16
11119 11194 11119 11194 1547 1547 1573 1573 90 30 98
9498 9525 9498 9525 1548 1548 1557 1557 24 16 141
52749 52722 52749 52722 1586 1586 1595 1595 140 255 122
60808 60772 60808 60772 1607 1607 1625 1625 25 31 75
4825 4865 4825 4865 1546 1546 1567 1567 158 131 134
60549 60522 60549 60522 1616 1615 1625 1624 215 172 101
2025 2061 2025 2061 1532 1532 1550 1550 202 106 193
1992 2028 1992 2028 1555 1555 1573 1573 236 99 3
61115 61087 61115 61087 1623 1623 1631 1631 24 95 148
60878 60851 60878 60851 1646 1646 1655 1655 85 19 47
61300 61264 61300 61264 1615 1615 1633 1633 22 249 45
61111 61072 61111 61072 1591 1591 1612 1612 8 19 80
1770 1810 1770 1810 1561 1561 1582 1582 128 230 77
61390 61362 61390 61362 1638 1638 1646 1646 117 250 78
1701 1741 1701 1741 1538 1538 1559 1559 65 123 30
1505 1541 1505 1541 1517 1517 1535 1535 208 74 81
61461 61434 61461 61434 1593 1593 1602 1602 159 180 214
Current Objects
End Step
SimulationStep: 40
Current Pedestrians
60027 1529 false
28133 1545 false
52587 1650 false
35364 1504 false
15228 1502 false
Current Vehicles
15250 15277 15250 15277 1548 1548 1557 1557 161 7 102
60375 60339 60375 60339 1630 1630 1648 1648 33 168 133
49417 49390 49417 49390 1586 1586 1595 1595 183 180 155
6824 6864 6824 6864 1561 1561 1582 1582 46 113 112
13365 13392 13365 13392 1548 1548 1557 1557 237 53 56
60575 60539 60575 60539 1592 1592 1610 1610 117 138 162
60639 60603 60639 60603 1637 1637 1655 1655 81 222 16
11512 11587 11512 11587 1547 1547 1573 1573 90 30 98
9893 9920 9893 9920 1548 1548 1557 1557 24 16 141
52332 52305 52332 52305 1586 1586 1595 1595 140 255 122
60805 60769 60805 60769 1607 1607 1625 1625 25 31 75
4991 5031 4991 5031 1546 1546 1567 1567 158 131 134
60391 60364 60391 60364 1616 1616 1625 1625 215 172 101
2058 2094 2058 2094 1532 1532 1550 1550 202 106 193
2025 2061 2025 2061 1555 1555 1573 1573 236 99 3
61072 61044 61072 61044 1623 1623 1631 1631 24 95 148
60805 60778 60805 60778 1646 1646 1655 1655 85 19 47
61269 61233 61269 61233 1615 1615 1633 1633 22 249 45
60873 60833 60873 60833 1583 1583 1604 1604 8 19 80
1920 1960 1920 1960 1531 1531 1552 1552 128 230 77
61352 61323 61352 61323 1638 1638 1646 1646 117 250 78
1705 1744 1705 1744 1546 1546 1567 1567 65 123 30
1510 1546 1510 1546 1517 1517 1535 1535 208 74 81
61402 61375 61402 61375 1593 1593 1602 1602 159 180 214
1502 1538 1502 1538 1555 1555 1573 1573 168 214 138
Current Objects
End Step
SimulationStep: 41
Current Pedestrians
60027 1530 false
28133 1547 false
52587 1650 false
35364 1505 false
15228 1505 false
Current Vehicles
15666 15693 15666 15693 1556 1556 1565 1565 161 7 102
60342 60306 60342 60306 1630 1630 1648 1648 33 168 133
49417 49390 49417 49390 1586 1586 1595 1595 183 180 155
6991 7030 6991 7030 1561 1561 1582 1582 46 113 112
13777 13804 13777 13804 1548 1548 1557 1557 237 53 56
60542 60506 60542 60506 1592 1592 1610 1610 117 138 162
60605 60569 60605 60569 1637 1637 1655 1655 81 222 16
11911 11986 11911 11986 1547 1547 1573 1573 90 30 98
10292 10319 10292 10319 1548 1548 1557 1557 24 16 141
51916 51889 51916 51889 1586 1586 1595 1595 140 255 122
60800 60764 60800 60764 1607 1607 1625 1625 25 31 75
5158 5198 5158 5198 1546 1546 1567 1567 158 131 134
60191 60164 60191 60164 1616 1616 1625 1625 215 172 101
2092 2128 2092 2128 1532 1532 1550 1550 202 106 193
2058 2094 2058 2094 1555 1555 1573 1573 236 99 3
61025 60996 61025 60996 1623 1623 1631 1631 24 95 148
60625 60598 60625 60598 1615 1616 1624 1625 85 19 47
61237 61201 61237 61201 1615 1615 1633 1633 22 249 45
60774 60735 60774 60735 1583 1583 1604 1604 8 19 80
2070 2109 2070 2109 1508 1508 1529 1529 128 230 77
61309 61280 61309 61280 1638 1638 1646 1646 117 250 78
1716 1756 1716 1756 1546 1546 1567 1567 65 123 30
1519 1555 1519 1555 1517 1517 1535 1535 208 74 81
61306 61279 61306 61279 1593 1593 1602 1602 159 180 214
1502 1538 1502 1538 1555 1555 1573 1573 168 214 138
Current Objects
End Step
SimulationStep: 42
Current Pedestrians
60027 1531 false
28133 1550 false
52587 1650 false
35364 1505 false
15228 1507 false
Current Vehicles
16083 16110 16083 16110 1563 1563 1572 1572 161 7 102
60309 60273 60309 60273 1630 1630 1648 1648 33 168 133
49417 49390 49417 49390 1586 1586 1595 1595 183 180 155
7157 7197 7157 7197 1561 1561 1582 1582 46 113 112
14191 14218 14191 14218 1548 1548 1557 1557 237 53 56
60509 60473 60509 60473 1592 1592 1610 1610 117 138 162
60572 60536 60572 60536 1637 1637 1655 1655 81 222 16
12315 12390 12315 12390 1547 1547 1573 1573 90 30 98
10676 10703 10676 10703 1548 1548 1557 1557 24 16 141
51500 51473 51500 51473 1586 1586 1595 1595 140 255 122
60800 60764 60800 60764 1615 1615 1633 1633 25 31 75
5324 5364 5324 5364 1546 1546 1567 1567 158 131 134
59953 59926 59953 59926 1616 1616 1625 1625 215 172 101
2125 2161 2125 2161 1532 1532 1550 1550 202 106 193
2092 2128 2092 2128 1555 1555 1573 1573 236 99 3
60974 60946 60974 60946 1623 1623 1631 1631 24 95 148
60499 60472 60499 60472 1616 1616 1625 1625 85 19 47
61205 61169 61205 61169 1615 1615 1633 1633 22 249 45
60609 60569 60609 60569 1613 1613 1634 1634 8 19 80
2157 2197 2157 2197 1508 1508 1529 1529 128 230 77
61262 61233 61262 61233 1638 1638 1646 1646 117 250 78
1740 1779 1740 1779 1546 1546 1567 1567 65 123 30
1531 1567 1531 1567 1517 1517 1535 1535 208 74 81
61171 61144 61171 61144 1593 1593 1602 1602 159 180 214
1505 1541 1505 1541 1555 1555 1573 1573 168 214 138
Current Objects
End Step
SimulationStep: 43
Current Pedestrians
60027 1532 false
28133 1552 false
52587 1650 false
35364 1506 false
15228 1509 false
Current Vehicles
16500 16527 16500 16527 1563 1563 1572 1572 161 7 102
60275 60239 60275 60239 1630 1630 1648 1648 33 168 133
49417 49390 49417 49390 1586 1586 1595 1595 183 180 155
7324 7364 7324 7364 1561 1561 1582 1582 46 113 112
14605 14632 14605 14632 1548 1548 1557 1557 237 53 56
60475 60439 60475 60439 1592 1592 1610 1610 117 138 162
60539 60503 60539 60503 1637 1637 1655 1655 81 222 16
12719 12794 12719 12794 1547 1547 1573 1573 90 30 98
11047 11074 11047 11074 1548 1548 1557 1557 24 16 141
51083 51056 51083 51056 1586 1586 1595 1595 140 255 122
60799 60763 60799 60763 1600 1600 1618 1618 25 31 75
5491 5531 5491 5531 1546 1546 1567 1567 158 131 134
59680 59653 59680 59653 1616 1616 1625 1625 215 172 101
2158 2194 2158 2194 1532 1532 1550 1550 202 106 193
2125 2161 2125 2161 1555 1555 1573 1573 236 99 3
60973 60945 60973 60945 1616 1616 1624 1624 24 95 148
60331 60304 60331 60304 1616 1616 1625 1625 85 19 47
61173 61137 61173 61137 1615 1615 1633 1633 22 249 45
60504 60465 60504 60465 1613 1613 1634 1634 8 19 80
2260 2300 2260 2300 1508 1508 1529 1529 128 230 77
61211 61183 61211 61183 1638 1638 1646 1646 117 250 78
1777 1817 1777 1817 1546 1546 1567 1567 65 123 30
1548 1584 1548 1584 1517 1517 1535 1535 208 74 81
60861 60834 60861 60834 1586 1586 1595 1595 159 180 214
1510 1546 1510 1546 1555 1555 1573 1573 168 214 138
61461 61434 61461 61434 1601 1601 1610 1610 206 166 88
Current Objects
End Step
SimulationStep: 44
Current Pedestrians
60027 1532 false
28133 1554 false
52587 1650 false
35364 1507 false
15228 1511 false
Current Vehicles
16916 16943 16916 16943 1563 1563 1572 1572 161 7 102
60242 60206 60242 60206 1630 1630 1648 1648 33 168 133
49417 49390 49417 49390 1586 1586 1595 1595 183 180 155
7491 7530 7491 7530 1561 1561 1582 1582 46 113 112
15019 15046 15019 15046 1548 1548 1557 1557 237 53 56
60442 60406 60442 60406 1592 1592 1610 1610 117 138 162
60505 60469 60505 60469 1637 1637 1655 1655 81 222 16
13123 13198 13123 13198 1547 1547 1573 1573 90 30 98
11429 11456 11429 11456 1548 1548 1557 1557 24 16 141
50667 50640 50667 50640 1586 1586 1595 1595 140 255 122
60796 60760 60796 60760 1600 1600 1618 1618 25 31 75
5657 5697 5657 5697 1546 1546 1567 1567 158 131 134
59378 59351 59378 59351 1616 1616 1625 1625 215 172 101
2191 2227 2191 2227 1532 1532 1550 1550 202 106 193
2158 2194 2158 2194 1555 1555 1573 1573 236 99 3
60969 60940 60969 60940 1616 1616 1624 1624 24 95 148
60123 60096 60123 60096 1616 1616 1625 1625 85 19 47
61140 61104 61140 61104 1615 1615 1633 1633 22 249 45
60435 60395 60435 60395 1613 1613 1634 1634 8 19 80
2375 2415 2375 2415 1508 1508 1529 1529 128 230 77
61158 61129 61158 61129 1638 1638 1646 1646 117 250 78
1831 1871 1831 1871 1546 1546 1567 1567 65 123 30
1567 1603 1567 1603 1517 1517 1535 1535 208 74 81
60690 60663 60690 60663 1586 1585 1595 1594 159 180 214
1519 1555 1519 1555 1555 1555 1573 1573 168 214 138
61402 61375 61402 61375 1601 1601 1610 1610 206 166 88
Current Objects
End Step
SimulationStep: 45
Current Pedestrians
60027 1533 false
28133 1556 false
52587 1650 false
35364 1508 false
15228 1514 false
Current Vehicles
17333 17360 17333 17360 1563 1563 1572 1572 161 7 102
60209 60173 60209 60173 1630 1630 1648 1648 33 168 133
49417 49390 49417 49390 1586 1586 1595 1595 183 180 155
7657 7697 7657 7697 1561 1561 1582 1582 46 113 112
15435 15462 15435 15462 1556 1556 1565 1565 237 53 56
60409 60373 60409 60373 1592 1592 1610 1610 117 138 162
60472 60436 60472 60436 1637 1637 1655 1655 81 222 16
13530 13605 13530 13605 1547 1547 1573 1573 90 30 98
11811 11838 11811 11838 1548 1548 1557 1557 24 16 141
50667 50640 50667 50640 1586 1586 1595 1595 140 255 122
60791 60755 60791 60755 1600 1600 1618 1618 25 31 75
5824 5864 5824 5864 1546 1546 1567 1567 158 131 134
59050 59023 59050 59023 1616 1616 1625 1625 215 172 101
2225 2261 2225 2261 1532 1532 1550 1550 202 106 193
2191 2227 2191 2227 1555 1555 1573 1573 236 99 3
60960 60931 60960 60931 1616 1616 1624 1624 24 95 148
59877 59850 59877 59850 1616 1616 1625 1625 85 19 47
61107 61071 61107 61071 1615 1615 1633 1633 22 249 45
60399 60359 60399 60359 1613 1613 1634 1634 8 19 80
2375 2415 2375 2415 1516 1516 1537 1537 128 230 77
61102 61074 61102 61074 1638 1638 1646 1646 117 250 78
1901 1941 1901 1941 1546 1546 1567 1567 65 123 30
1590 1626 1590 1626 1517 1517 1535 1535 208 74 81
60557 60530 60557 60530 1586 1586 1595 1595 159 180 214
1531 1567 1531 1567 1555 1555 1573 1573 168 214 138
61306 61279 61306 61279 1601 1601 1610 1610 206 166 88
Current Objects
End Step
SimulationStep: 46
Current Pedestrians
60027 1534 false
28133 1559 false
52587 1650 false
35364 1508 false
15228 1516 false
Current Vehicles
17750 17777 17750 17777 1563 1563 1572 1572 161 7 102
60175 60139 60175 60139 1630 1630 1648 1648 33 168 133
49417 49390 49417 49390 1586 1586 1595 1595 183 180 155
7824 7864 7824 7864 1561 1561 1582 1582 46 113 112
15850 15877 15850 15877 1563 1563 1572 1572 237 53 56
60375 60339 60375 60339 1592 1592 1610 1610 117 138 162
60439 60403 60439 60403 1637 1637 1655 1655 81 222 16
13938 14013 13938 14013 1547 1547 1573 1573 90 30 98
12195 12222 12195 12222 1548 1548 1557 1557 24 16 141
50667 50640 50667 50640 1586 1586 1595 1595 140 255 122
60782 60746 60782 60746 1600 1600 1618 1618 25 31 75
5991 6030 5991 6030 1546 1546 1567 1567 158 131 134
59050 59023 59050 59023 1608 1608 1617 1617 215 172 101
2225 2261 2225 2261 1525 1525 1543 1543 202 106 193
2225 2261 2225 2261 1555 1555 1573 1573 236 99 3
60946 60917 60946 60917 1616 1616 1624 1624 24 95 148
59597 59570 59597 59570 1616 1616 1625 1625 85 19 47
61074 61038 61074 61038 1615 1615 1633 1633 22 249 45
60365 60326 60365 60326 1613 1613 1634 1634 8 19 80
2375 2415 2375 2415 1523 1523 1544 1544 128 230 77
61045 61017 61045 61017 1638 1638 1646 1646 117 250 78
1988 2027 1988 2027 1546 1546 1567 1567 65 123 30
1615 1651 1615 1651 1517 1517 1535 1535 208 74 81
60467 60440 60467 60440 1586 1586 1595 1595 159 180 214
1548 1584 1548 1584 1555 1555 1573 1573 168 214 138
60993 60966 60993 60966 1586 1585 1595 1594 206 166 88
1502 1538 1502 1538 1532 1532 1550 1550 91 106 199
61498 61462 61498 61462 1637 1637 1655 1655 152 7 223
Current Objects
End Step
SimulationStep: 47
Current Pedestrians
60027 1535 false
28133 1561 false
52587 1650 false
35364 1509 false
15228 1518 false
Current Vehicles
18166 18193 18166 18193 1563 1563 1572 1572 161 7 102
60142 60106 60142 60106 1630 1630 1648 1648 33 168 133
49417 49390 49417 49390 1586 1586 1595 1595 183 180 155
7991 8030 7991 8030 1561 1561 1582 1582 46 113 112
16265 16292 16265 16292 1563 1563 1572 1572 237 53 56
60342 60306 60342 60306 1592 1592 1610 1610 117 138 162
60405 60369 60405 60369 1637 1637 1655 1655 81 222 16
14349 14424 14349 14424 1547 1547 1573 1573 90 30 98
12586 12613 12586 12613 1548 1548 1557 1557 24 16 141
50667 50640 50667 50640 1586 1586 1595 1595 140 255 122
60770 60734 60770 60734 1600 1600 1618 1618 25 31 75
6157 6197 6157 6197 1546 1546 1567 1567 158 131 134
59050 59023 59050 59023 1601 1601 1610 1610 215 172 101
2228 2264 2228 2264 1525 1525 1543 1543 202 106 193
2258 2294 2258 2294 1555 1555 1573 1573 236 99 3
60925 60897 60925 60897 1616 1616 1624 1624 24 95 148
59288 59261 59288 59261 1616 1616 1625 1625 85 19 47
61041 61005 61041 61005 1615 1615 1633 1633 22 249 45
60333 60294 60333 60294 1613 1613 1634 1634 8 19 80
2375 2415 2375 2415 1531 1531 1552 1552 128 230 77
60987 60958 60987 60958 1638 1638 1646 1646 117 250 78
2055 2094 2055 2094 1546 1546 1567 1567 65 123 30
1642 1678 1642 1678 1517 1517 1535 1535 208 74 81
60467 60440 60467 60440 1586 1586 1595 1595 159 180 214
1567 1603 1567 1603 1555 1555 1573 1573 168 214 138
60993 60966 60993 60966 1586 1585 1595 1594 206 166 88
1505 1541 1505 1541 1532 1532 1550 1550 91 106 199
61495 61459 61495 61459 1637 1637 1655 1655 152 7 223
61490 61463 61490 61463 1608 1608 1617 1617 146 9 139
Current Objects
End Step
SimulationStep: 48
Current Pedestrians
60027 1535 false
28133 1563 false
52587 1650 false
35364 1510 false
15228 1520 false
Current Vehicles
18583 18610 18583 18610 1563 1563 1572 1572 161 7 102
60109 60073 60109 60073 1630 1630 1648 1648 33 168 133
49417 49390 49417 49390 1586 1586 1595 1595 183 180 155
8157 8197 8157 8197 1561 1561 1582 1582 46 113 112
16680 16707 16680 16707 1563 1563 1572 1572 237 53 56
60309 60273 60309 60273 1592 1592 1610 1610 117 138 162
60372 60336 60372 60336 1637 1637 1655 1655 81 222 16
14761 14836 14761 14836 1547 1547 1573 1573 90 30 98
12984 13011 12984 13011 1548 1548 1557 1557 24 16 141
50667 50640 50667 50640 1586 1586 1595 1595 140 255 122
60754 60718 60754 60718 1600 1600 1618 1618 25 31 75
6324 6364 6324 6364 1546 1546 1567 1567 158 131 134
59050 59023 59050 59023 1593 1593 1602 1602 215 172 101
2234 2270 2234 2270 1525 1525 1543 1543 202 106 193
2291 2327 2291 2327 1555 1555 1573 1573 236 99 3
60899 60870 60899 60870 1616 1616 1624 1624 24 95 148
59288 59261 59288 59261 1608 1608 1617 1617 85 19 47
61008 60972 61008 60972 1615 1615 1633 1633 22 249 45
60286 60246 60286 60246 1613 1613 1634 1634 8 19 80
2375 2415 2375 2415 1538 1538 1559 1559 128 230 77
60927 60899 60927 60899 1638 1638 1646 1646 117 250 78
2103 2143 2103 2143 1546 1546 1567 1567 65 123 30
1670 1706 1670 1706 1517 1517 1535 1535 208 74 81
60458 60431 60458 60431 1586 1586 1595 1595 159 180 214
1590 1626 1590 1626 1555 1555 1573 1573 168 214 138
60985 60958 60985 60958 1586 1586 1595 1595 206 166 88
1510 1546 1510 1546 1532 1532 1550 1550 91 106 199
61490 61454 61490 61454 1637 1637 1655 1655 152 7 223
61461 61434 61461 61434 1608 1608 1617 1617 146 9 139
1502 1538 1502 1538 1555 1555 1573 1573 40 204 106
Current Objects
End Step
SimulationStep: 49
Current Pedestrians
60027 1536 false
28133 1565 false
52587 1650 false
35364 1511 false
15228 1523 false
Current Vehicles
19000 19027 19000 19027 1563 1563 1572 1572 161 7 102
60075 60039 60075 60039 1630 1630 1648 1648 33 168 133
49417 49390 49417 49390 1586 1586 1595 1595 183 180 155
8324 8364 8324 8364 1561 1561 1582 1582 46 113 112
17096 17123 17096 17123 1563 1563 1572 1572 237 53 56
60275 60239 60275 60239 1592 1592 1610 1610 117 138 162
60339 60303 60339 60303 1637 1637 1655 1655 81 222 16
15174 15249 15174 15249 1547 1547 1573 1573 90 30 98
13382 13409 13382 13409 1548 1548 1557 1557 24 16 141
50667 50640 50667 50640 1586 1586 1595 1595 140 255 122
60734 60698 60734 60698 1600 1600 1618 1618 25 31 75
6491 6530 6491 6530 1546 1546 1567 1567 158 131 134
58703 58676 58703 58676 1586 1586 1595 1595 215 172 101
2242 2278 2242 2278 1525 1525 1543 1543 202 106 193
2325 2361 2325 2361 1555 1555 1573 1573 236 99 3
60866 60837 60866 60837 1616 1616 1624 1624 24 95 148
59288 59261 59288 59261 1601 1601 1610 1610 85 19 47
60975 60939 60975 60939 1615 1615 1633 1633 22 249 45
60142 60102 60142 60102 1606 1606 1627 1627 8 19 80
2375 2415 2375 2415 1538 1538 1559 1559 128 230 77
60867 60839 60867 60839 1638 1638 1646 1646 117 250 78
2168 2208 2168 2208 1546 1546 1567 1567 65 123 30
1700 1736 1700 1736 1517 1517 1535 1535 208 74 81
60444 60417 60444 60417 1586 1586 1595 1595 159 180 214
1615 1651 1615 1651 1555 1555 1573 1573 168 214 138
60956 60929 60956 60929 1586 1586 1595 1595 206 166 88
1519 1555 1519 1555 1532 1532 1550 1550 91 106 199
61481 61445 61481 61445 1637 1637 1655 1655 152 7 223
61306 61279 61306 61279 1601 1601 1610 1610 146 9 139
1503 1539 1503 1539 1562 1562 1580 1580 40 204 106
Current Objects
End Step
SimulationStep: 50
Current Pedestrians
60027 1537 false
28133 1568 false
52587 1650 false
35364 1511 false
15228 1525 false
48666 1501 false
Current Vehicles
19416 19443 19416 19443 1563 1563 1572 1572 161 7 102
60042 60006 60042 60006 1630 1630 1648 1648 33 168 133
49417 49390 49417 49390 1586 1586 1595 1595 183 180 155
8491 8530 8491 8530 1561 1561 1582 1582 46 113 112
17511 17538 17511 17538 1563 1563 1572 1572 237 53 56
60242 60206 60242 60206 1592 1592 1610 1610 117 138 162
60305 60269 60305 60269 1637 1637 1655 1655 81 222 16
15587 15662 15587 15662 1555 1555 1581 1581 90 30 98
13779 13806 13779 13806 1548 1548 1557 1557 24 16 141
50667 50640 50667 50640 1586 1586 1595 1595 140 255 122
60712 60676 60712 60676 1600 1600 1618 1618 25 31 75
6657 6697 6657 6697 1546 1546 1567 1567 158 131 134
58339 58312 58339 58312 1586 1586 1595 1595 215 172 101
2255 2291 2255 2291 1525 1525 1543 1543 202 106 193
2358 2394 2358 2394 1555 1555 1573 1573 236 99 3
60828 60799 60828 60799 1616 1616 1624 1624 24 95 148
59288 59261 59288 59261 1593 1593 1602 1602 85 19 47
60942 60906 60942 60906 1615 1615 1633 1633 22 249 45
60046 60007 60046 60007 1606 1606 1627 1627 8 19 80
2375 2415 2375 2415 1538 1538 1559 1559 128 230 77
60806 60778 60806 60778 1638 1638 1646 1646 117 250 78
2240 2280 2240 2280 1546 1546 1567 1567 65 123 30
1731 1767 1731 1767 1517 1517 1535 1535 208 74 81
60423 60396 60423 60396 1586 1586 1595 1595 159 180 214
1642 1678 1642 1678 1555 1555 1573 1573 168 214 138
60896 60869 60896 60869 1586 1586 1595 1595 206 166 88
1531 1567 1531 1567 1532 1532 1550 1550 91 106 199
61469 61433 61469 61433 1637 1637 1655 1655 152 7 223
61171 61144 61171 61144 1601 1601 1610 1610 146 9 139
1506 1542 1506 1542 1562 1562 1580 1580 40 204 106
Current Objects
End Step
SimulationStep: 51
Current Pedestrians
60027 1538 false
28133 1570 false
52587 1650 false
35364 1512 false
15228 1527 false
48666 1502 false
22248 1501 false
5833 1650 false
Current Vehicles
19833 19860 19833 19860 1563 1563 1572 1572 161 7 102
60009 59973 60009 59973 1630 1630 1648 1648 33 168 133
49417 49390 49417 49390 1586 1586 1595 1595 183 180 155
8657 8697 8657 8697 1561 1561 1582 1582 46 113 112
17927 17954 17927 17954 1563 1563 1572 1572 237 53 56
60241 60205 60241 60205 1585 1585 1603 1603 117 138 162
60272 60236 60272 60236 1637 1637 1655 1655 81 222 16
15587 15662 15587 15662 1555 1555 1581 1581 90 30 98
14182 14209 14182 14209 1548 1548 1557 1557 24 16 141
50667 50640 50667 50640 1586 1586 1595 1595 140 255 122
60687 60651 60687 60651 1600 1600 1618 1618 25 31 75
6824 6864 6824 6864 1546 1546 1567 1567 158 131 134
57963 57936 57963 57936 1586 1586 1595 1595 215 172 101
2271 2307 2271 2307 1525 1525 1543 1543 202 106 193
2391 2427 2391 2427 1555 1555 1573 1573 236 99 3
60785 60756 60785 60756 1616 1616 1624 1624 24 95 148
58956 58929 58956 58929 1586 1586 1595 1595 85 19 47
60908 60872 60908 60872 1615 1615 1633 1633 22 249 45
59937 59898 59937 59898 1606 1606 1627 1627 8 19 80
2375 2415 2375 2415 1538 1538 1559 1559 128 230 77
60745 60717 60745 60717 1638 1638 1646 1646 117 250 78
2320 2360 2320 2360 1546 1546 1567 1567 65 123 30
1763 1799 1763 1799 1517 1517 1535 1535 208 74 81
60379 60352 60379 60352 1586 1585 1595 1594 159 180 214
1670 1706 1670 1706 1555 1555 1573 1573 168 214 138
60801 60774 60801 60774 1586 1585 1595 1594 206 166 88
1548 1584 1548 1584 1532 1532 1550 1550 91 106 199
61452 61416 61452 61416 1637 1637 1655 1655 152 7 223
60882 60855 60882 60855 1593 1593 1602 1602 146 9 139
1511 1547 1511 1547 1562 1562 1580 1580 40 204 106
1502 1538 1502 1538 1510 1510 1528 1528 208 93 191
Current Objects
End Step
SimulationStep: 52
Current Pedestrians
60027 1538 false
28133 1572 false
52587 1650 false
35364 1513 false
15228 1529 false
48666 1502 false
22248 1502 false
5833 1650 false
Current Vehicles
20250 20277 20250 20277 1563 1563 1572 1572 161 7 102
59975 59939 59975 59939 1630 1630 1648 1648 33 168 133
49417 49390 49417 49390 1586 1586 1595 1595 183 180 155
8824 8864 8824 8864 1561 1561 1582 1582 46 113 112
18343 18370 18343 18370 1563 1563 1572 1572 237 53 56
60239 60203 60239 60203 1585 1585 1603 1603 117 138 162
60239 60203 60239 60203 1637 1637 1655 1655 81 222 16
15587 15662 15587 15662 1555 1555 1581 1581 90 30 98
14583 14610 14583 14610 1548 1548 1557 1557 24 16 141
50667 50640 50667 50640 1586 1586 1595 1595 140 255 122
60660 60624 60660 60624 1600 1600 1618 1618 25 31 75
6991 7030 6991 7030 1546 1546 1567 1567 158 131 134
57576 57549 57576 57549 1586 1586 1595 1595 215 172 101
2290 2326 2290 2326 1525 1525 1543 1543 202 106 193
2425 2461 2425 2461 1555 1555 1573 1573 236 99 3
60687 60659 60687 60659 1586 1586 1594 1594 24 95 148
58604 58577 58604 58577 1586 1586 1595 1595 85 19 47
60875 60839 60875 60839 1615 1615 1633 1633 22 249 45
59816 59777 59816 59777 1606 1606 1627 1627 8 19 80
2375 2415 2375 2415 1538 1538 1559 1559 128 230 77
60684 60655 60684 60655 1638 1638 1646 1646 117 250 78
2320 2360 2320 2360 1553 1553 1574 1574 65 123 30
1795 1831 1795 1831 1517 1517 1535 1535 208 74 81
60330 60303 60330 60303 1608 1608 1617 1617 159 180 214
1700 1736 1700 1736 1555 1555 1573 1573 168 214 138
60793 60766 60793 60766 1623 1623 1632 1632 206 166 88
1567 1603 1567 1603 1532 1532 1550 1550 91 106 199
61433 61397 61433 61397 1637 1637 1655 1655 152 7 223
60786 60759 60786 60759 1593 1593 1602 1602 146 9 139
1520 1556 1520 1556 1562 1562 1580 1580 40 204 106
1505 1541 1505 1541 1510 1510 1528 1528 208 93 191
Current Objects
End Step
SimulationStep: 53
Current Pedestrians
60027 1539 false
28133 1574 false
52587 1650 false
35364 1514 false
15228 1532 false
48666 1503 false
22248 1502 false
5833 1650 false
Current Vehicles
20666 20693 20666 20693 1563 1563 1572 1572 161 7 102
59942 59906 59942 59906 1630 1630 1648 1648 33 168 133
49417 49390 49417 49390 1586 1586 1595 1595 183 180 155
8991 9030 8991 9030 1561 1561 1582 1582 46 113 112
18759 18786 18759 18786 1563 1563 1572 1572 237 53 56
60233 60197 60233 60197 1585 1585 1603 1603 117 138 162
60205 60169 60205 60169 1637 1637 1655 1655 81 222 16
15587 15662 15587 15662 1555 1555 1581 1581 90 30 98
14983 15010 14983 15010 1548 1548 1557 1557 24 16 141
50667 50640 50667 50640 1586 1586 1595 1595 140 255 122
60631 60595 60631 60595 1600 1600 1618 1618 25 31 75
7157 7197 7157 7197 1546 1546 1567 1567 158 131 134
57183 57156 57183 57156 1586 1586 1595 1595 215 172 101
2313 2349 2313 2349 1525 1525 1543 1543 202 106 193
2458 2494 2458 2494 1562 1562 1580 1580 236 99 3
60634 60605 60634 60605 1586 1586 1594 1594 24 95 148
58237 58210 58237 58210 1586 1586 1595 1595 85 19 47
60842 60806 60842 60806 1615 1615 1633 1633 22 249 45
59686 59646 59686 59646 1606 1606 1627 1627 8 19 80
2375 2415 2375 2415 1538 1538 1559 1559 128 230 77
60622 60593 60622 60593 1638 1638 1646 1646 117 250 78
2320 2360 2320 2360 1553 1553 1574 1574 65 123 30
1827 1863 1827 1863 1517 1517 1535 1535 208 74 81
60290 60263 60290 60263 1608 1608 1617 1617 159 180 214
1731 1767 1731 1767 1555 1555 1573 1573 168 214 138
60763 60736 60763 60736 1623 1623 1632 1632 206 166 88
1590 1626 1590 1626 1532 1532 1550 1550 91 106 199
61410 61374 61410 61374 1637 1637 1655 1655 152 7 223
60621 60594 60621 60594 1623 1623 1632 1632 146 9 139
1532 1568 1532 1568 1562 1562 1580 1580 40 204 106
1510 1546 1510 1546 1510 1510 1528 1528 208 93 191
61495 61455 61495 61455 1606 1606 1627 1627 60 36 147
Current Objects
End Step
SimulationStep: 54
Current Pedestrians
60027 1540 false
28133 1577 false
52587 1650 false
35364 1514 false
15228 1534 false
48666 1504 false
22248 1503 false
5833 1650 false
Current Vehicles
21083 21110 21083 21110 1563 1563 1572 1572 161 7 102
59909 59873 59909 59873 1630 1630 1648 1648 33 168 133
49417 49390 49417 49390 1586 1586 1595 1595 183 180 155
9157 9197 9157 9197 1561 1561 1582 1582 46 113 112
19176 19203 19176 19203 1563 1563 1572 1572 237 53 56
60224 60188 60224 60188 1585 1585 1603 1603 117 138 162
60172 60136 60172 60136 1637 1637 1655 1655 81 222 16
15587 15662 15587 15662 1555 1555 1581 1581 90 30 98
15384 15411 15384 15411 1556 1556 1565 1565 24 16 141
50667 50640 50667 50640 1586 1586 1595 1595 140 255 122
60601 60565 60601 60565 1600 1600 1618 1618 25 31 75
7324 7364 7324 7364 1546 1546 1567 1567 158 131 134
56783 56756 56783 56756 1586 1586 1595 1595 215 172 101
2338 2374 2338 2374 1525 1525 1543 1543 202 106 193
2491 2527 2491 2527 1562 1562 1580 1580 236 99 3
60578 60550 60578 60550 1586 1586 1594 1594 24 95 148
57859 57832 57859 57832 1586 1586 1595 1595 85 19 47
60809 60773 60809 60773 1615 1615 1633 1633 22 249 45
59547 59507 59547 59507 1606 1606 1627 1627 8 19 80
2375 2415 2375 2415 1538 1538 1559 1559 128 230 77
60560 60531 60560 60531 1638 1638 1646 1646 117 250 78
2320 2360 2320 2360 1553 1553 1574 1574 65 123 30
1860 1896 1860 1896 1517 1517 1535 1535 208 74 81
60217 60190 60217 60190 1608 1608 1617 1617 159 180 214
1763 1799 1763 1799 1555 1555 1573 1573 168 214 138
60704 60677 60704 60677 1623 1623 1632 1632 206 166 88
1615 1651 1615 1651 1532 1532 1550 1550 91 106 199
61385 61349 61385 61349 1637 1637 1655 1655 152 7 223
60493 60466 60493 60466 1623 1623 1632 1632 146 9 139
1548 1584 1548 1584 1562 1562 1580 1580 40 204 106
1519 1555 1519 1555 1510 1510 1528 1528 208 93 191
61484 61444 61484 61444 1606 1606 1627 1627 60 36 147
1502 1529 1502 1529 1533 1533 1542 1542 222 15 127
Current Objects
End Step
SimulationStep: 55
Current Pedestrians
60027 1541 false
28133 1579 false
52587 1635 false
35364 1515 false
15228 1536 false
48666 1505 false
22248 1504 false
5833 1650 false
Current Vehicles
21500 21527 21500 21527 1563 1563 1572 1572 161 7 102
59875 59839 59875 59839 1630 1630 1648 1648 33 168 133
49417 49390 49417 49390 1586 1586 1595 1595 183 180 155
9324 9364 9324 9364 1561 1561 1582 1582 46 113 112
19592 19619 19592 19619 1563 1563 1572 1572 237 53 56
60212 60176 60212 60176 1585 1585 1603 1603 117 138 162
60139 60103 60139 60103 1637 1637 1655 1655 81 222 16
15587 15662 15587 15662 1555 1555 1581 1581 90 30 98
15746 15773 15746 15773 1563 1563 1572 1572 24 16 141
50667 50640 50667 50640 1586 1586 1595 1595 140 255 122
60570 60534 60570 60534 1600 1600 1618 1618 25 31 75
7491 7530 7491 7530 1546 1546 1567 1567 158 131 134
56380 56353 56380 56353 1586 1586 1595 1595 215 172 101
2365 2401 2365 2401 1525 1525 1543 1543 202 106 193
2525 2561 2525 2561 1562 1562 1580 1580 236 99 3
60521 60493 60521 60493 1586 1586 1594 1594 24 95 148
57471 57444 57471 57444 1586 1586 1595 1595 85 19 47
60808 60772 60808 60772 1607 1607 1625 1625 22 249 45
59401 59362 59401 59362 1606 1606 1627 1627 8 19 80
2375 2415 2375 2415 1538 1538 1559 1559 128 230 77
60498 60469 60498 60469 1638 1638 1646 1646 117 250 78
2320 2360 2320 2360 1553 1553 1574 1574 65 123 30
1893 1929 1893 1929 1517 1517 1535 1535 208 74 81
60105 60078 60105 60078 1608 1608 1617 1617 159 180 214
1795 1831 1795 1831 1555 1555 1573 1573 168 214 138
60609 60582 60609 60582 1623 1623 1632 1632 206 166 88
1642 1678 1642 1678 1532 1532 1550 1550 91 106 199
61358 61322 61358 61322 1637 1637 1655 1655 152 7 223
60325 60298 60325 60298 1623 1623 1632 1632 146 9 139
1568 1604 1568 1604 1562 1562 1580 1580 40 204 106
1531 1567 1531 1567 1510 1510 1528 1528 208 93 191
61460 61420 61460 61420 1606 1606 1627 1627 60 36 147
1510 1537 1510 1537 1533 1533 1542 1542 222 15 127
Current Objects
End Step
SimulationStep: 56
Current Pedestrians
60027 1541 false
28133 1581 false
52587 1635 false
35364 1516 false
15228 1538 false
48666 1505 false
22248 1505 false
5833 1650 false
Current Vehicles
21916 21943 21916 21943 1563 1563 1572 1572 161 7 102
59842 59806 59842 59806 1630 1630 1648 1648 33 168 133
49417 49390 49417 49390 1586 1586 1595 1595 183 180 155
9490 9530 9490 9530 1561 1561 1582 1582 46 113 112
20008 20035 20008 20035 1563 1563 1572 1572 237 53 56
60196 60160 60196 60160 1585 1585 1603 1603 117 138 162
60105 60069 60105 60069 1637 1637 1655 1655 81 222 16
15587 15662 15587 15662 1555 1555 1581 1581 90 30 98
16078 16105 16078 16105 1563 1563 1572 1572 24 16 141
50667 50640 50667 50640 1586 1586 1595 1595 140 255 122
60539 60503 60539 60503 1600 1600 1618 1618 25 31 75
7657 7697 7657 7697 1546 1546 1567 1567 158 131 134
55973 55946 55973 55946 1586 1586 1595 1595 215 172 101
2394 2430 2394 2430 1525 1525 1543 1543 202 106 193
2558 2594 2558 2594 1562 1562 1580 1580 236 99 3
60463 60434 60463 60434 1586 1586 1594 1594 24 95 148
57076 57049 57076 57049 1586 1586 1595 1595 85 19 47
60805 60769 60805 60769 1607 1607 1625 1625 22 249 45
59251 59211 59251 59211 1606 1606 1627 1627 8 19 80
2375 2415 2375 2415 1538 1538 1559 1559 128 230 77
60435 60407 60435 60407 1638 1638 1646 1646 117 250 78
2416 2455 2416 2455 1561 1561 1582 1582 65 123 30
1926 1962 1926 1962 1517 1517 1535 1535 208 74 81
59952 59925 59952 59925 1608 1608 1617 1617 159 180 214
1827 1863 1827 1863 1555 1555 1573 1573 168 214 138
60473 60446 60473 60446 1623 1623 1632 1632 206 166 88
1670 1706 1670 1706 1532 1532 1550 1550 91 106 199
61330 61294 61330 61294 1637 1637 1655 1655 152 7 223
59988 59961 59988 59961 1608 1608 1617 1617 146 9 139
1590 1626 1590 1626 1562 1562 1580 1580 40 204 106
1548 1584 1548 1584 1510 1510 1528 1528 208 93 191
61422 61383 61422 61383 1606 1606 1627 1627 60 36 147
1527 1554 1527 1554 1533 1533 1542 1542 222 15 127
Current Objects
End Step
SimulationStep: 57
Current Pedestrians
60027 1542 false
28133 1583 false
52587 1635 false
35364 1517 false
15228 1541 false
48666 1506 false
22248 1505 false
5833 1635 false
Current Vehicles
22333 22360 22333 22360 1563 1563 1572 1572 161 7 102
59809 59773 59809 59773 1630 1630 1648 1648 33 168 133
49417 49390 49417 49390 1586 1586 1595 1595 183 180 155
9657 9697 9657 9697 1561 1561 1582 1582 46 113 112
20425 20452 20425 20452 1563 1563 1572 1572 237 53 56
60176 60140 60176 60140 1585 1585 1603 1603 117 138 162
60072 60036 60072 60036 1637 1637 1655 1655 81 222 16
15587 15662 15587 15662 1555 1555 1581 1581 90 30 98
16430 16457 16430 16457 1563 1563 1572 1572 24 16 141
50667 50640 50667 50640 1586 1586 1595 1595 140 255 122
60507 60471 60507 60471 1600 1600 1618 1618 25 31 75
7824 7864 7824 7864 1546 1546 1567 1567 158 131 134
55563 55536 55563 55536 1586 1586 1595 1595 215 172 101
2424 2460 2424 2460 1525 1525 1543 1543 202 106 193
2591 2627 2591 2627 1562 1562 1580 1580 236 99 3
60403 60375 60403 60375 1586 1586 1594 1594 24 95 148
56752 56725 56752 56725 1586 1586 1595 1595 85 19 47
60800 60764 60800 60764 1607 1607 1625 1625 22 249 45
59097 59057 59097 59057 1606 1606 1627 1627 8 19 80
2375 2415 2375 2415 1538 1538 1559 1559 128 230 77
60373 60345 60373 60345 1638 1638 1646 1646 117 250 78
2416 2455 2416 2455 1561 1561 1582 1582 65 123 30
1959 1995 1959 1995 1517 1517 1535 1535 208 74 81
59758 59731 59758 59731 1608 1608 1617 1617 159 180 214
1860 1896 1860 1896 1555 1555 1573 1573 168 214 138
60296 60269 60296 60269 1623 1623 1632 1632 206 166 88
1700 1736 1700 1736 1532 1532 1550 1550 91 106 199
61300 61264 61300 61264 1637 1637 1655 1655 152 7 223
59835 59808 59835 59808 1608 1608 1617 1617 146 9 139
1615 1651 1615 1651 1562 1562 1580 1580 40 204 106
1567 1603 1567 1603 1510 1510 1528 1528 208 93 191
61369 61329 61369 61329 1606 1606 1627 1627 60 36 147
1557 1584 1557 1584 1533 1533 1542 1542 222 15 127
Current Objects
End Step
SimulationStep: 58
Current Pedestrians
60027 1543 false
28133 1586 false
52587 1635 false
35364 1517 false
15228 1543 false
48666 1507 false
22248 1506 false
5833 1635 false
Current Vehicles
22750 22777 22750 22777 1563 1563 1572 1572 161 7 102
59775 59739 59775 59739 1630 1630 1648 1648 33 168 133
49417 49390 49417 49390 1586 1586 1595 1595 183 180 155
9824 9864 9824 9864 1561 1561 1582 1582 46 113 112
20841 20868 20841 20868 1563 1563 1572 1572 237 53 56
60154 60118 60154 60118 1585 1585 1603 1603 117 138 162
60039 60003 60039 60003 1637 1637 1655 1655 81 222 16
15587 15662 15587 15662 1555 1555 1581 1581 90 30 98
16796 16823 16796 16823 1563 1563 1572 1572 24 16 141
50667 50640 50667 50640 1586 1586 1595 1595 140 255 122
60474 60438 60474 60438 1600 1600 1618 1618 25 31 75
7991 8030 7991 8030 1546 1546 1567 1567 158 131 134
55152 55125 55152 55125 1586 1586 1595 1595 215 172 101
2424 2460 2424 2460 1525 1525 1543 1543 202 106 193
2625 2661 2625 2661 1562 1562 1580 1580 236 99 3
60343 60314 60343 60314 1586 1586 1594 1594 24 95 148
56486 56459 56486 56459 1585 1585 1594 1594 85 19 47
60791 60755 60791 60755 1607 1607 1625 1625 22 249 45
58940 58900 58940 58900 1606 1606 1627 1627 8 19 80
2375 2415 2375 2415 1538 1538 1559 1559 128 230 77
60311 60282 60311 60282 1638 1638 1646 1646 117 250 78
2419 2459 2419 2459 1561 1561 1582 1582 65 123 30
1992 2028 1992 2028 1517 1517 1535 1535 208 74 81
59525 59498 59525 59498 1608 1608 1617 1617 159 180 214
1893 1929 1893 1929 1555 1555 1573 1573 168 214 138
59928 59901 59928 59901 1616 1616 1625 1625 206 166 88
1731 1767 1731 1767 1532 1532 1550 1550 91 106 199
61269 61233 61269 61233 1637 1637 1655 1655 152 7 223
59827 59800 59827 59800 1593 1593 1602 1602 146 9 139
1642 1678 1642 1678 1562 1562 1580 1580 40 204 106
1590 1626 1590 1626 1510 1510 1528 1528 208 93 191
61299 61259 61299 61259 1606 1606 1627 1627 60 36 147
1582 1609 1582 1609 1533 1533 1542 1542 222 15 127
Current Objects
End Step
SimulationStep: 59
Current Pedestrians
60027 1544 false
28133 1588 false
52587 1635 false
35364 1518 false
15228 1545 false
48666 1508 false
22248 1507 false
5833 1635 false
33021 1650 false
Current Vehicles
23166 23193 23166 23193 1563 1563 1572 1572 161 7 102
59742 59706 59742 59706 1630 1630 1648 1648 33 168 133
49417 49390 49417 49390 1586 1586 1595 1595 183 180 155
9990 10030 9990 10030 1561 1561 1582 1582 46 113 112
21258 21285 21258 21285 1563 1563 1572 1572 237 53 56
60129 60093 60129 60093 1585 1585 1603 1603 117 138 162
60005 59969 60005 59969 1637 1637 1655 1655 81 222 16
15587 15662 15587 15662 1555 1555 1581 1581 90 30 98
17175 17202 17175 17202 1563 1563 1572 1572 24 16 141
50667 50640 50667 50640 1586 1586 1595 1595 140 255 122
60441 60405 60441 60405 1600 1600 1618 1618 25 31 75
8157 8197 8157 8197 1546 1546 1567 1567 158 131 134
54740 54713 54740 54713 1586 1586 1595 1595 215 172 101
2424 2460 2424 2460 1525 1525 1543 1543 202 106 193
2658 2694 2658 2694 1562 1562 1580 1580 236 99 3
60282 60254 60282 60254 1586 1586 1594 1594 24 95 148
56189 56162 56189 56162 1586 1586 1595 1595 85 19 47
60779 60743 60779 60743 1607 1607 1625 1625 22 249 45
58940 58900 58940 58900 1598 1598 1619 1619 8 19 80
2375 2415 2375 2415 1538 1538 1559 1559 128 230 77
60248 60220 60248 60220 1638 1638 1646 1646 117 250 78
2430 2470 2430 2470 1561 1561 1582 1582 65 123 30
2025 2061 2025 2061 1517 1517 1535 1535 208 74 81
59279 59252 59279 59252 1601 1601 1610 1610 159 180 214
1926 1962 1926 1962 1555 1555 1573 1573 168 214 138
59747 59720 59747 59720 1616 1616 1625 1625 206 166 88
1763 1799 1763 1799 1532 1532 1550 1550 91 106 199
61237 61201 61237 61201 1637 1637 1655 1655 152 7 223
59798 59771 59798 59771 1593 1593 1602 1602 146 9 139
1671 1707 1671 1707 1562 1562 1580 1580 40 204 106
1615 1651 1615 1651 1510 1510 1528 1528 208 93 191
61212 61173 61212 61173 1606 1606 1627 1627 60 36 147
1597 1624 1597 1624 1533 1533 1542 1542 222 15 127
1516 1556 1516 1556 1538 1538 1559 1559 67 229 37
61497 61469 61497 61469 1623 1623 1631 1631 151 72 225
Current Objects
End Step
SimulationStep: 60
Current Pedestrians
60027 1544 false
28133 1590 false
52587 1635 false
35364 1519 false
15228 1547 false
48666 1508 false
22248 1508 false
5833 1635 false
33021 1650 false
Current Vehicles
23583 23610 23583 23610 1563 1563 1572 1572 161 7 102
59709 59673 59709 59673 1630 1630 1648 1648 33 168 133
49417 49390 49417 49390 1586 1586 1595 1595 183 180 155
10157 10197 10157 10197 1561 1561 1582 1582 46 113 112
21674 21701 21674 21701 1563 1563 1572 1572 237 53 56
60102 60066 60102 60066 1585 1585 1603 1603 117 138 162
59972 59936 59972 59936 1637 1637 1655 1655 81 222 16
15587 15662 15587 15662 1555 1555 1581 1581 90 30 98
17563 17590 17563 17590 1563 1563 1572 1572 24 16 141
50667 50640 50667 50640 1586 1586 1595 1595 140 255 122
60409 60373 60409 60373 1600 1600 1618 1618 25 31 75
8324 8364 8324 8364 1546 1546 1567 1567 158 131 134
54326 54299 54326 54299 1585 1586 1594 1595 215 172 101
2424 2460 2424 2460 1525 1525 1543 1543 202 106 193
2691 2727 2691 2727 1562 1562 1580 1580 236 99 3
60221 60192 60221 60192 1586 1586 1594 1594 24 95 148
55866 55839 55866 55839 1586 1586 1595 1595 85 19 47
60763 60727 60763 60727 1607 1607 1625 1625 22 249 45
58940 58900 58940 58900 1591 1591 1612 1612 8 19 80
2375 2415 2375 2415 1546 1546 1567 1567 128 230 77
60186 60158 60186 60158 1638 1638 1646 1646 117 250 78
2454 2494 2454 2494 1561 1561 1582 1582 65 123 30
2058 2094 2058 2094 1517 1517 1535 1535 208 74 81
59279 59252 59279 59252 1593 1593 1602 1602 159 180 214
1959 1995 1959 1995 1555 1555 1573 1573 168 214 138
59526 59499 59526 59499 1616 1616 1625 1625 206 166 88
1795 1831 1795 1831 1532 1532 1550 1550 91 106 199
61205 61169 61205 61169 1637 1637 1655 1655 152 7 223
59739 59712 59739 59712 1593 1593 1602 1602 146 9 139
1701 1737 1701 1737 1562 1562 1580 1580 40 204 106
1642 1678 1642 1678 1510 1510 1528 1528 208 93 191
61111 61072 61111 61072 1606 1606 1627 1627 60 36 147
1636 1663 1636 1663 1533 1533 1542 1542 222 15 127
1520 1559 1520 1559 1531 1531 1552 1552 67 229 37
61493 61464 61493 61464 1623 1623 1631 1631 151 72 225
61490 61463 61490 61463 1638 1638 1647 1647 167 110 2
Current Objects
End Step
SimulationStep: 61
Current Pedestrians
60027 1545 false
28133 1592 false
52587 1635 false
35364 1520 false
15228 1550 false
48666 1509 false
22248 1508 false
5833 1635 false
33021 1650 false
Current Vehicles
24000 24027 24000 24027 1563 1563 1572 1572 161 7 102
59675 59639 59675 59639 1630 1630 1648 1648 33 168 133
49417 49390 49417 49390 1586 1586 1595 1595 183 180 155
10324 10364 10324 10364 1561 1561 1582 1582 46 113 112
22091 22118 22091 22118 1563 1563 1572 1572 237 53 56
60073 60037 60073 60037 1585 1585 1603 1603 117 138 162
59939 59903 59939 59903 1637 1637 1655 1655 81 222 16
15587 15662 15587 15662 1555 1555 1581 1581 90 30 98
17958 17985 17958 17985 1563 1563 1572 1572 24 16 141
50667 50640 50667 50640 1586 1586 1595 1595 140 255 122
60376 60340 60376 60340 1600 1600 1618 1618 25 31 75
8491 8530 8491 8530 1546 1546 1567 1567 158 131 134
53912 53885 53912 53885 1586 1585 1595 1594 215 172 101
2424 2460 2424 2460 1525 1525 1543 1543 202 106 193
2725 2761 2725 2761 1562 1562 1580 1580 236 99 3
60220 60191 60220 60191 1593 1593 1601 1601 24 95 148
55522 55495 55522 55495 1586 1586 1595 1595 85 19 47
60743 60707 60743 60707 1607 1607 1625 1625 22 249 45
58940 58900 58940 58900 1583 1583 1604 1604 8 19 80
2375 2415 2375 2415 1553 1553 1574 1574 128 230 77
60133 60105 60133 60105 1638 1638 1646 1646 117 250 78
2492 2531 2492 2531 1561 1561 1582 1582 65 123 30
2092 2128 2092 2128 1517 1517 1535 1535 208 74 81
59279 59252 59279 59252 1593 1593 1602 1602 159 180 214
1992 2028 1992 2028 1555 1555 1573 1573 168 214 138
59269 59242 59269 59242 1616 1616 1625 1625 206 166 88
1827 1863 1827 1863 1532 1532 1550 1550 91 106 199
61173 61137 61173 61137 1637 1637 1655 1655 152 7 223
59643 59616 59643 59616 1593 1593 1602 1602 146 9 139
1732 1768 1732 1768 1562 1562 1580 1580 40 204 106
1670 1706 1670 1706 1510 1510 1528 1528 208 93 191
60998 60958 60998 60958 1606 1606 1627 1627 60 36 147
1707 1734 1707 1734 1533 1533 1542 1542 222 15 127
1531 1571 1531 1571 1531 1531 1552 1552 67 229 37
61484 61455 61484 61455 1623 1623 1631 1631 151 72 225
61461 61434 61461 61434 1638 1638 1647 1647 167 110 2
Current Objects
End Step
SimulationStep: 62
Current Pedestrians
60027 1546 false
28133 1595 false
52587 1635 false
35364 1520 false
15228 1552 false
48666 1510 false
22248 1509 false
5833 1635 false
33021 1650 false
Current Vehicles
24416 24443 24416 24443 1563 1563 1572 1572 161 7 102
59642 59606 59642 59606 1630 1630 1648 1648 33 168 133
49417 49390 49417 49390 1586 1586 1595 1595 183 180 155
10490 10530 10490 10530 1561 1561 1582 1582 46 113 112
22507 22534 22507 22534 1563 1563 1572 1572 237 53 56
60043 60007 60043 60007 1585 1585 1603 1603 117 138 162
59905 59869 59905 59869 1637 1637 1655 1655 81 222 16
15587 15662 15587 15662 1555 1555 1581 1581 90 30 98
18359 18386 18359 18386 1563 1563 1572 1572 24 16 141
50667 50640 50667 50640 1586 1586 1595 1595 140 255 122
60343 60307 60343 60307 1600 1600 1618 1618 25 31 75
8657 8697 8657 8697 1546 1546 1567 1567 158 131 134
53497 53470 53497 53470 1586 1586 1595 1595 215 172 101
2424 2460 2424 2460 1532 1532 1550 1550 202 106 193
2758 2794 2758 2794 1562 1562 1580 1580 236 99 3
60215 60187 60215 60187 1593 1593 1601 1601 24 95 148
55162 55135 55162 55135 1586 1586 1595 1595 85 19 47
60720 60684 60720 60684 1607 1607 1625 1625 22 249 45
58940 58900 58940 58900 1583 1583 1604 1604 8 19 80
2375 2415 2375 2415 1561 1561 1582 1582 128 230 77
60088 60060 60088 60060 1638 1638 1646 1646 117 250 78
2545 2585 2545 2585 1561 1561 1582 1582 65 123 30
2125 2161 2125 2161 1517 1517 1535 1535 208 74 81
59279 59252 59279 59252 1593 1593 1602 1602 159 180 214
2025 2061 2025 2061 1555 1555 1573 1573 168 214 138
59269 59242 59269 59242 1608 1608 1617 1617 206 166 88
1860 1896 1860 1896 1532 1532 1550 1550 91 106 199
61140 61104 61140 61104 1637 1637 1655 1655 152 7 223
59508 59481 59508 59481 1593 1593 1602 1602 146 9 139
1763 1799 1763 1799 1562 1562 1580 1580 40 204 106
1700 1736 1700 1736 1510 1510 1528 1528 208 93 191
60769 60729 60769 60729 1583 1583 1604 1604 60 36 147
1707 1734 1707 1734 1533 1533 1542 1542 222 15 127
1555 1595 1555 1595 1531 1531 1552 1552 67 229 37
61470 61441 61470 61441 1623 1623 1631 1631 151 72 225
61306 61279 61306 61279 1623 1623 1632 1632 167 110 2
1510 1537 1510 1537 1556 1556 1565 1565 182 191 64
Current Objects
End Step
SimulationStep: 63
Current Pedestrians
60027 1547 false
28133 1597 false
52587 1635 false
35364 1521 false
15228 1554 false
48666 1511 false
22248 1510 false
5833 1635 false
33021 1650 false
11554 1502 false
Current Vehicles
24833 24860 24833 24860 1563 1563 1572 1572 161 7 102
59609 59573 59609 59573 1630 1630 1648 1648 33 168 133
49417 49390 49417 49390 1586 1586 1595 1595 183 180 155
10657 10697 10657 10697 1561 1561 1582 1582 46 113 112
22924 22951 22924 22951 1563 1563 1572 1572 237 53 56
60012 59976 60012 59976 1585 1585 1603 1603 117 138 162
59872 59836 59872 59836 1637 1637 1655 1655 81 222 16
15587 15662 15587 15662 1555 1555 1581 1581 90 30 98
18763 18790 18763 18790 1563 1563 1572 1572 24 16 141
50667 50640 50667 50640 1586 1586 1595 1595 140 255 122
60309 60273 60309 60273 1600 1600 1618 1618 25 31 75
8824 8864 8824 8864 1546 1546 1567 1567 158 131 134
53081 53054 53081 53054 1586 1586 1595 1595 215 172 101
2424 2460 2424 2460 1540 1540 1558 1558 202 106 193
2791 2827 2791 2827 1562 1562 1580 1580 236 99 3
60206 60178 60206 60178 1593 1593 1601 1601 24 95 148
54787 54760 54787 54760 1586 1586 1595 1595 85 19 47
60695 60659 60695 60659 1607 1607 1625 1625 22 249 45
58940 58900 58940 58900 1583 1583 1604 1604 8 19 80
2378 2418 2378 2418 1561 1561 1582 1582 128 230 77
60040 60011 60040 60011 1638 1638 1646 1646 117 250 78
2702 2741 2702 2741 1538 1538 1559 1559 65 123 30
2158 2194 2158 2194 1517 1517 1535 1535 208 74 81
59279 59252 59279 59252 1593 1593 1602 1602 159 180 214
2058 2094 2058 2094 1555 1555 1573 1573 168 214 138
59269 59242 59269 59242 1608 1608 1617 1617 206 166 88
1893 1929 1893 1929 1532 1532 1550 1550 91 106 199
61107 61071 61107 61071 1637 1637 1655 1655 152 7 223
59330 59303 59330 59303 1593 1593 1602 1602 146 9 139
1795 1831 1795 1831 1562 1562 1580 1580 40 204 106
1731 1767 1731 1767 1510 1510 1528 1528 208 93 191
60643 60603 60643 60603 1583 1583 1604 1604 60 36 147
1715 1742 1715 1742 1533 1533 1542 1542 222 15 127
1558 1598 1558 1598 1538 1538 1559 1559 67 229 37
61468 61440 61468 61440 1616 1616 1624 1624 151 72 225
61171 61144 61171 61144 1623 1623 1632 1632 167 110 2
1524 1551 1524 1551 1556 1555 1565 1564 182 191 64
1502 1538 1502 1538 1510 1510 1528 1528 47 111 119
Current Objects
End Step
SimulationStep: 64
Current Pedestrians
60027 1547 false
28133 1599 false
52587 1635 false
35364 1522 false
15228 1556 false
48666 1511 false
22248 1511 false
5833 1620 false
33021 1650 false
11554 1505 false
59910 1650 false
Current Vehicles
25250 25277 25250 25277 1563 1563 1572 1572 161 7 102
59575 59539 59575 59539 1630 1630 1648 1648 33 168 133
49417 49390 49417 49390 1586 1586 1595 1595 183 180 155
10824 10864 10824 10864 1561 1561 1582 1582 46 113 112
23341 23368 23341 23368 1563 1563 1572 1572 237 53 56
59981 59945 59981 59945 1585 1585 1603 1603 117 138 162
59839 59803 59839 59803 1637 1637 1655 1655 81 222 16
15587 15662 15587 15662 1555 1555 1581 1581 90 30 98
19171 19198 19171 19198 1571 1571 1580 1580 24 16 141
50667 50640 50667 50640 1586 1586 1595 1595 140 255 122
60276 60240 60276 60240 1600 1600 1618 1618 25 31 75
8991 9030 8991 9030 1546 1546 1567 1567 158 131 134
52665 52638 52665 52638 1586 1586 1595 1595 215 172 101
2424 2460 2424 2460 1540 1540 1558 1558 202 106 193
2825 2861 2825 2861 1562 1562 1580 1580 236 99 3
60192 60164 60192 60164 1593 1593 1601 1601 24 95 148
54403 54376 54403 54376 1586 1586 1595 1595 85 19 47
60668 60632 60668 60632 1607 1607 1625 1625 22 249 45
58940 58900 58940 58900 1583 1583 1604 1604 8 19 80
2390 2430 2390 2430 1561 1561 1582 1582 128 230 77
59988 59959 59988 59959 1638 1638 1646 1646 117 250 78
2803 2842 2803 2842 1538 1538 1559 1559 65 123 30
2191 2227 2191 2227 1517 1517 1535 1535 208 74 81
59279 59252 59279 59252 1593 1593 1602 1602 159 180 214
2092 2128 2092 2128 1555 1555 1573 1573 168 214 138
59269 59242 59269 59242 1608 1608 1617 1617 206 166 88
1926 1962 1926 1962 1532 1532 1550 1550 91 106 199
61074 61038 61074 61038 1637 1637 1655 1655 152 7 223
59163 59136 59163 59136 1593 1593 1602 1602 146 9 139
1828 1864 1828 1864 1562 1562 1580 1580 40 204 106
1763 1799 1763 1799 1510 1510 1528 1528 208 93 191
60509 60469 60509 60469 1583 1583 1604 1604 60 36 147
1744 1771 1744 1771 1533 1533 1542 1542 222 15 127
1570 1609 1570 1609 1538 1538 1559 1559 67 229 37
61464 61436 61464 61436 1616 1616 1624 1624 151 72 225
60996 60969 60996 60969 1586 1586 1595 1595 167 110 2
1530 1557 1530 1557 1556 1556 1565 1565 182 191 64
1505 1541 1505 1541 1510 1510 1528 1528 47 111 119
61498 61462 61498 61462 1630 1630 1648 1648 105 25 76
Current Objects
End Step
SimulationStep: 65
Current Pedestrians
60027 1548 false
28133 1601 false
52587 1635 false
35364 1523 false
15228 1559 false
48666 1512 false
22248 1511 false
5833 1620 false
33021 1635 false
11554 1507 false
59910 1650 false
Current Vehicles
25666 25693 25666 25693 1563 1563 1572 1572 161 7 102
59542 59506 59542 59506 1630 1630 1648 1648 33 168 133
49417 49390 49417 49390 1586 1586 1595 1595 183 180 155
10990 11030 10990 11030 1561 1561 1582 1582 46 113 112
23757 23784 23757 23784 1563 1563 1572 1572 237 53 56
59949 59913 59949 59913 1585 1585 1603 1603 117 138 162
59805 59769 59805 59769 1637 1637 1655 1655 81 222 16
15587 15662 15587 15662 1555 1555 1581 1581 90 30 98
19581 19608 19581 19608 1571 1571 1580 1580 24 16 141
50667 50640 50667 50640 1586 1586 1595 1595 140 255 122
60245 60209 60245 60209 1600 1600 1618 1618 25 31 75
9157 9197 9157 9197 1546 1546 1567 1567 158 131 134
52249 52222 52249 52222 1586 1586 1595 1595 215 172 101
2424 2460 2424 2460 1540 1540 1558 1558 202 106 193
2858 2894 2858 2894 1562 1562 1580 1580 236 99 3
60172 60143 60172 60143 1593 1593 1601 1601 24 95 148
54011 53984 54011 53984 1586 1586 1595 1595 85 19 47
60640 60604 60640 60604 1607 1607 1625 1625 22 249 45
58940 58900 58940 58900 1583 1583 1604 1604 8 19 80
2413 2453 2413 2453 1561 1561 1582 1582 128 230 77
59934 59905 59934 59905 1638 1638 1646 1646 117 250 78
2916 2956 2916 2956 1538 1538 1559 1559 65 123 30
2225 2261 2225 2261 1517 1517 1535 1535 208 74 81
59279 59252 59279 59252 1586 1586 1595 1595 159 180 214
2125 2161 2125 2161 1555 1555 1573 1573 168 214 138
59269 59242 59269 59242 1601 1601 1610 1610 206 166 88
1959 1995 1959 1995 1532 1532 1550 1550 91 106 199
61041 61005 61041 61005 1637 1637 1655 1655 152 7 223
59163 59136 59163 59136 1593 1593 1602 1602 146 9 139
1861 1897 1861 1897 1562 1562 1580 1580 40 204 106
1795 1831 1795 1831 1510 1510 1528 1528 208 93 191
60404 60364 60404 60364 1621 1621 1642 1642 60 36 147
1803 1830 1803 1830 1533 1533 1542 1542 222 15 127
1593 1633 1593 1633 1538 1538 1559 1559 67 229 37
61455 61427 61455 61427 1616 1616 1624 1624 151 72 225
60988 60961 60988 60961 1586 1586 1595 1595 167 110 2
1530 1557 1530 1557 1556 1556 1565 1565 182 191 64
1510 1546 1510 1546 1510 1510 1528 1528 47 111 119
61495 61459 61495 61459 1630 1630 1648 1648 105 25 76
1510 1537 1510 1537 1533 1533 1542 1542 194 211 120
Current Objects
End Step
SimulationStep: 66
Current Pedestrians
60027 1549 false
28133 1604 false
52587 1635 false
35364 1523 false
15228 1561 false
48666 1513 false
22248 1512 false
5833 1620 false
33021 1635 false
11554 1509 false
59910 1650 false
Current Vehicles
26083 26110 26083 26110 1563 1563 1572 1572 161 7 102
59509 59473 59509 59473 1630 1630 1648 1648 33 168 133
49417 49390 49417 49390 1586 1586 1595 1595 183 180 155
11157 11197 11157 11197 1561 1561 1582 1582 46 113 112
24174 24201 24174 24201 1563 1563 1572 1572 237 53 56
59916 59880 59916 59880 1585 1585 1603 1603 117 138 162
59772 59736 59772 59736 1637 1637 1655 1655 81 222 16
15587 15662 15587 15662 1555 1555 1581 1581 90 30 98
19992 20019 19992 20019 1571 1571 1580 1580 24 16 141
50667 50640 50667 50640 1586 1586 1595 1595 140 255 122
60245 60209 60245 60209 1592 1592 1610 1610 25 31 75
9324 9364 9324 9364 1546 1546 1567 1567 158 131 134
51833 51806 51833 51806 1586 1586 1595 1595 215 172 101
2424 2460 2424 2460 1540 1540 1558 1558 202 106 193
2891 2927 2891 2927 1562 1562 1580 1580 236 99 3
60145 60117 60145 60117 1593 1593 1601 1601 24 95 148
53617 53590 53617 53590 1586 1586 1595 1595 85 19 47
60610 60574 60610 60574 1607 1607 1625 1625 22 249 45
58940 58900 58940 58900 1583 1583 1604 1604 8 19 80
2451 2491 2451 2491 1561 1561 1582 1582 128 230 77
59877 59849 59877 59849 1638 1638 1646 1646 117 250 78
3041 3081 3041 3081 1538 1538 1559 1559 65 123 30
2258 2294 2258 2294 1517 1517 1535 1535 208 74 81
59271 59244 59271 59244 1586 1586 1595 1595 159 180 214
2158 2194 2158 2194 1555 1555 1573 1573 168 214 138
59269 59242 59269 59242 1601 1601 1610 1610 206 166 88
1992 2028 1992 2028 1532 1532 1550 1550 91 106 199
61008 60972 61008 60972 1637 1637 1655 1655 152 7 223
59163 59136 59163 59136 1593 1593 1602 1602 146 9 139
1893 1929 1893 1929 1562 1562 1580 1580 40 204 106
1827 1863 1827 1863 1510 1510 1528 1528 208 93 191
60364 60324 60364 60324 1621 1621 1642 1642 60 36 147
1884 1911 1884 1911 1533 1533 1542 1542 222 15 127
1631 1671 1631 1671 1538 1538 1559 1559 67 229 37
61441 61412 61441 61412 1616 1616 1624 1624 151 72 225
60958 60931 60958 60931 1586 1586 1595 1595 167 110 2
1538 1565 1538 1565 1556 1555 1565 1564 182 191 64
1519 1555 1519 1555 1510 1510 1528 1528 47 111 119
61490 61454 61490 61454 1630 1630 1648 1648 105 25 76
1539 1566 1539 1566 1533 1533 1542 1542 194 211 120
61461 61434 61461 61434 1601 1601 1610 1610 208 133 248
Current Objects
End Step
SimulationStep: 67
Current Pedestrians
60027 1550 false
28133 1606 false
52587 1635 false
35364 1524 false
15228 1563 false
48666 1514 false
22248 1513 false
5833 1620 false
33021 1635 false
11554 1511 false
59910 1650 false
5343 1502 false
58583 1650 false
Current Vehicles
26499 26526 26499 26526 1563 1563 1572 1572 161 7 102
59475 59439 59475 59439 1630 1630 1648 1648 33 168 133
49417 49390 49417 49390 1586 1586 1595 1595 183 180 155
11324 11364 11324 11364 1561 1561 1582 1582 46 113 112
24590 24617 24590 24617 1563 1563 1572 1572 237 53 56
59884 59848 59884 59848 1585 1585 1603 1603 117 138 162
59739 59703 59739 59703 1637 1637 1655 1655 81 222 16
15587 15662 15587 15662 1555 1555 1581 1581 90 30 98
20405 20432 20405 20432 1571 1571 1580 1580 24 16 141
50667 50640 50667 50640 1586 1586 1595 1595 140 255 122
60242 60206 60242 60206 1592 1592 1610 1610 25 31 75
9490 9530 9490 9530 1546 1546 1567 1567 158 131 134
51417 51390 51417 51390 1586 1586 1595 1595 215 172 101
2424 2460 2424 2460 1540 1540 1558 1558 202 106 193
2925 2961 2925 2961 1562 1562 1580 1580 236 99 3
60113 60084 60113 60084 1593 1593 1601 1601 24 95 148
53223 53196 53223 53196 1586 1586 1595 1595 85 19 47
60579 60543 60579 60543 1607 1607 1625 1625 22 249 45
58940 58900 58940 58900 1583 1583 1604 1604 8 19 80
2505 2544 2505 2544 1561 1561 1582 1582 128 230 77
59877 59849 59877 59849 1631 1631 1639 1639 117 250 78
3176 3215 3176 3215 1538 1538 1559 1559 65 123 30
2291 2327 2291 2327 1517 1517 1535 1535 208 74 81
59241 59214 59241 59214 1586 1586 1595 1595 159 180 214
2191 2227 2191 2227 1555 1555 1573 1573 168 214 138
59269 59242 59269 59242 1601 1601 1610 1610 206 166 88
2025 2061 2025 2061 1532 1532 1550 1550 91 106 199
60975 60939 60975 60939 1637 1637 1655 1655 152 7 223
59163 59136 59163 59136 1593 1593 1602 1602 146 9 139
1926 1962 1926 1962 1562 1562 1580 1580 40 204 106
1860 1896 1860 1896 1510 1510 1528 1528 208 93 191
60307 60267 60307 60267 1621 1621 1642 1642 60 36 147
1953 1980 1953 1980 1533 1533 1542 1542 222 15 127
1684 1724 1684 1724 1538 1538 1559 1559 67 229 37
61421 61392 61421 61392 1616 1616 1624 1624 151 72 225
60899 60872 60899 60872 1586 1586 1595 1595 167 110 2
1568 1595 1568 1595 1556 1556 1565 1565 182 191 64
1531 1567 1531 1567 1510 1510 1528 1528 47 111 119
61481 61445 61481 61445 1630 1630 1648 1648 105 25 76
1598 1625 1598 1625 1533 1533 1542 1542 194 211 120
61402 61375 61402 61375 1601 1601 1610 1610 208 133 248
61490 61463 61490 61463 1586 1586 1595 1595 140 102 167
Current Objects
End Step
SimulationStep: 68
Current Pedestrians
60027 1550 false
28133 1608 false
52587 1635 false
35364 1525 false
15228 1565 false
48666 1514 false
22248 1514 false
5833 1620 false
33021 1635 false
11554 1514 false
59910 1650 false
5343 1505 false
58583 1650 false
Current Vehicles
26916 26943 26916 26943 1563 1563 1572 1572 161 7 102
59442 59406 59442 59406 1630 1630 1648 1648 33 168 133
49417 49390 49417 49390 1586 1586 1595 1595 183 180 155
11490 11530 11490 11530 1561 1561 1582 1582 46 113 112
25007 25034 25007 25034 1563 1563 1572 1572 237 53 56
59851 59815 59851 59815 1585 1585 1603 1603 117 138 162
59705 59669 59705 59669 1637 1637 1655 1655 81 222 16
15587 15662 15587 15662 1555 1555 1581 1581 90 30 98
20819 20846 20819 20846 1571 1571 1580 1580 24 16 141
50667 50640 50667 50640 1586 1586 1595 1595 140 255 122
60237 60201 60237 60201 1592 1592 1610 1610 25 31 75
9657 9697 9657 9697 1546 1546 1567 1567 158 131 134
51001 50974 51001 50974 1586 1586 1595 1595 215 172 101
2424 2460 2424 2460 1547 1547 1565 1565 202 106 193
2958 2994 2958 2994 1562 1562 1580 1580 236 99 3
60074 60046 60074 60046 1593 1593 1601 1601 24 95 148
52824 52797 52824 52797 1586 1586 1595 1595 85 19 47
60547 60511 60547 60511 1607 1607 1625 1625 22 249 45
58940 58900 58940 58900 1583 1583 1604 1604 8 19 80
2575 2615 2575 2615 1561 1561 1582 1582 128 230 77
59876 59848 59876 59848 1631 1631 1639 1639 117 250 78
3317 3357 3317 3357 1538 1538 1559 1559 65 123 30
2325 2361 2325 2361 1517 1517 1535 1535 208 74 81
59182 59155 59182 59155 1586 1586 1595 1595 159 180 214
2225 2261 2225 2261 1555 1555 1573 1573 168 214 138
59269 59242 59269 59242 1593 1593 1602 1602 206 166 88
2058 2094 2058 2094 1532 1532 1550 1550 91 106 199
60942 60906 60942 60906 1637 1637 1655 1655 152 7 223
59163 59136 59163 59136 1593 1593 1602 1602 146 9 139
1959 1995 1959 1995 1562 1562 1580 1580 40 204 106
1893 1929 1893 1929 1510 1510 1528 1528 208 93 191
60234 60194 60234 60194 1621 1621 1642 1642 60 36 147
2000 2027 2000 2027 1533 1533 1542 1542 222 15 127
1688 1728 1688 1728 1546 1546 1567 1567 67 229 37
61394 61365 61394 61365 1616 1616 1624 1624 151 72 225
60804 60777 60804 60777 1586 1586 1595 1595 167 110 2
1614 1641 1614 1641 1556 1556 1565 1565 182 191 64
1548 1584 1548 1584 1510 1510 1528 1528 47 111 119
61469 61433 61469 61433 1630 1630 1648 1648 105 25 76
1694 1721 1694 1721 1533 1533 1542 1542 194 211 120
61306 61279 61306 61279 1601 1601 1610 1610 208 133 248
61461 61434 61461 61434 1586 1586 1595 1595 140 102 167
1505 1545 1505 1545 1531 1531 1552 1552 27 138 238
Current Objects
End Step
SimulationStep: 69
Current Pedestrians
60027 1551 false
28133 1610 false
52587 1635 false
35364 1526 false
15228 1568 false
48666 1515 false
22248 1514 false
5833 1620 false
33021 1635 false
11554 1516 false
59910 1650 false
5343 1507 false
58583 1650 false
Current Vehicles
27333 27360 27333 27360 1563 1563 1572 1572 161 7 102
59409 59373 59409 59373 1630 1630 1648 1648 33 168 133
49417 49390 49417 49390 1586 1586 1595 1595 183 180 155
11657 11697 11657 11697 1561 1561 1582 1582 46 113 112
25424 25451 25424 25451 1563 1563 1572 1572 237 53 56
59818 59782 59818 59782 1585 1585 1603 1603 117 138 162
59672 59636 59672 59636 1637 1637 1655 1655 81 222 16
15587 15662 15587 15662 1555 1555 1581 1581 90 30 98
21233 21260 21233 21260 1571 1571 1580 1580 24 16 141
50667 50640 50667 50640 1586 1586 1595 1595 140 255 122
60228 60192 60228 60192 1592 1592 1610 1610 25 31 75
9824 9864 9824 9864 1546 1546 1567 1567 158 131 134
50615 50588 50615 50588 1586 1586 1595 1595 215 172 101
2424 2460 2424 2460 1555 1555 1573 1573 202 106 193
2991 3027 2991 3027 1562 1562 1580 1580 236 99 3
60031 60003 60031 60003 1593 1593 1601 1601 24 95 148
52421 52394 52421 52394 1586 1585 1595 1594 85 19 47
60515 60479 60515 60479 1607 1607 1625 1625 22 249 45
58940 58900 58940 58900 1583 1583 1604 1604 8 19 80
2661 2701 2661 2701 1561 1561 1582 1582 128 230 77
59872 59843 59872 59843 1631 1631 1639 1639 117 250 78
3464 3504 3464 3504 1538 1538 1559 1559 65 123 30
2358 2394 2358 2394 1517 1517 1535 1535 208 74 81
59087 59060 59087 59060 1593 1593 1602 1602 159 180 214
2258 2294 2258 2294 1555 1555 1573 1573 168 214 138
59116 59089 59116 59089 1586 1586 1595 1595 206 166 88
2092 2128 2092 2128 1532 1532 1550 1550 91 106 199
60908 60872 60908 60872 1637 1637 1655 1655 152 7 223
59163 59136 59163 59136 1593 1593 1602 1602 146 9 139
1993 2029 1993 2029 1562 1562 1580 1580 40 204 106
1926 1962 1926 1962 1510 1510 1528 1528 208 93 191
60145 60105 60145 60105 1621 1621 1642 1642 60 36 147
2000 2027 2000 2027 1533 1533 1542 1542 222 15 127
1699 1739 1699 1739 1546 1546 1567 1567 67 229 37
61361 61333 61361 61333 1616 1616 1624 1624 151 72 225
60529 60502 60529 60502 1631 1631 1640 1640 167 110 2
1623 1650 1623 1650 1541 1541 1550 1550 182 191 64
1567 1603 1567 1603 1510 1510 1528 1528 47 111 119
61452 61416 61452 61416 1630 1630 1648 1648 105 25 76
1815 1842 1815 1842 1533 1533 1542 1542 194 211 120
61171 61144 61171 61144 1601 1601 1610 1610 208 133 248
61402 61375 61402 61375 1586 1586 1595 1595 140 102 167
1505 1545 1505 1545 1531 1531 1552 1552 27 138 238
1505 1545 1505 1545 1553 1553 1574 1574 50 151 120
Current Objects
End Step
SimulationStep: 70
Current Pedestrians
60027 1552 false
28133 1613 false
52587 1635 false
35364 1526 false
15228 1570 false
48666 1516 false
22248 1515 false
5833 1620 false
33021 1635 false
11554 1518 false
59910 1635 false
5343 1509 false
58583 1650 false
Current Vehicles
27749 27776 27749 27776 1563 1563 1572 1572 161 7 102
59375 59339 59375 59339 1630 1630 1648 1648 33 168 133
49417 49390 49417 49390 1586 1586 1595 1595 183 180 155
11824 11864 11824 11864 1561 1561 1582 1582 46 113 112
25840 25867 25840 25867 1563 1563 1572 1572 237 53 56
59785 59749 59785 59749 1585 1585 1603 1603 117 138 162
59639 59603 59639 59603 1637 1637 1655 1655 81 222 16
15587 15662 15587 15662 1555 1555 1581 1581 90 30 98
21649 21676 21649 21676 1571 1571 1580 1580 24 16 141
50667 50640 50667 50640 1586 1586 1595 1595 140 255 122
60216 60180 60216 60180 1592 1592 1610 1610 25 31 75
9990 10030 9990 10030 1546 1546 1567 1567 158 131 134
50615 50588 50615 50588 1586 1586 1595 1595 215 172 101
2454 2490 2454 2490 1562 1562 1580 1580 202 106 193
3025 3061 3025 3061 1562 1562 1580 1580 236 99 3
59984 59956 59984 59956 1593 1593 1601 1601 24 95 148
52014 51987 52014 51987 1586 1586 1595 1595 85 19 47
60483 60447 60483 60447 1607 1607 1625 1625 22 249 45
58940 58900 58940 58900 1583 1583 1604 1604 8 19 80
2755 2795 2755 2795 1561 1561 1582 1582 128 230 77
59863 59834 59863 59834 1631 1631 1639 1639 117 250 78
3616 3656 3616 3656 1538 1538 1559 1559 65 123 30
2391 2427 2391 2427 1517 1517 1535 1535 208 74 81
59087 59060 59087 59060 1593 1593 1602 1602 159 180 214
2291 2327 2291 2327 1555 1555 1573 1573 168 214 138
59078 59051 59078 59051 1586 1586 1595 1595 206 166 88
2125 2161 2125 2161 1532 1532 1550 1550 91 106 199
60875 60839 60875 60839 1637 1637 1655 1655 152 7 223
59075 59048 59075 59048 1586 1586 1595 1595 146 9 139
2026 2062 2026 2062 1562 1562 1580 1580 40 204 106
1959 1995 1959 1995 1510 1510 1528 1528 208 93 191
59928 59888 59928 59888 1606 1606 1627 1627 60 36 147
2000 2027 2000 2027 1533 1533 1542 1542 222 15 127
1723 1763 1723 1763 1546 1546 1567 1567 67 229 37
61323 61295 61323 61295 1616 1616 1624 1624 151 72 225
60387 60360 60387 60360 1631 1631 1640 1640 167 110 2
1711 1738 1711 1738 1533 1533 1542 1542 182 191 64
1590 1626 1590 1626 1510 1510 1528 1528 47 111 119
61433 61397 61433 61397 1630 1630 1648 1648 105 25 76
1914 1941 1914 1941 1533 1533 1542 1542 194 211 120
60993 60966 60993 60966 1601 1600 1610 1609 208 133 248
61306 61279 61306 61279 1586 1586 1595 1595 140 102 167
1508 1548 1508 1548 1531 1531 1552 1552 27 138 238
1516 1556 1516 1556 1553 1553 1574 1574 50 151 120
Current Objects
End Step
SimulationStep: 71
Current Pedestrians
60027 1553 false
28133 1615 false
52587 1635 false
35364 1527 false
15228 1572 false
48666 1517 false
22248 1516 false
5833 1605 false
33021 1635 false
11554 1520 false
59910 1635 false
5343 1511 false
58583 1650 false
Current Vehicles
28166 28193 28166 28193 1563 1563 1572 1572 161 7 102
59342 59306 59342 59306 1630 1630 1648 1648 33 168 133
49417 49390 49417 49390 1586 1586 1595 1595 183 180 155
11990 12030 11990 12030 1561 1561 1582 1582 46 113 112
26257 26284 26257 26284 1563 1563 1572 1572 237 53 56
59752 59716 59752 59716 1585 1585 1603 1603 117 138 162
59605 59569 59605 59569 1637 1637 1655 1655 81 222 16
15587 15662 15587 15662 1555 1555 1581 1581 90 30 98
22064 22091 22064 22091 1571 1571 1580 1580 24 16 141
50667 50640 50667 50640 1586 1586 1595 1595 140 255 122
60199 60163 60199 60163 1592 1592 1610 1610 25 31 75
10157 10197 10157 10197 1546 1546 1567 1567 158 131 134
50615 50588 50615 50588 1586 1586 1595 1595 215 172 101
2486 2522 2486 2522 1562 1562 1580 1580 202 106 193
3058 3094 3058 3094 1562 1562 1580 1580 236 99 3
59934 59905 59934 59905 1593 1593 1601 1601 24 95 148
51605 51578 51605 51578 1586 1586 1595 1595 85 19 47
60450 60414 60450 60414 1607 1607 1625 1625 22 249 45
58940 58900 58940 58900 1583 1583 1604 1604 8 19 80
2969 3009 2969 3009 1538 1538 1559 1559 128 230 77
59848 59820 59848 59820 1631 1631 1639 1639 117 250 78
3772 3812 3772 3812 1538 1538 1559 1559 65 123 30
2425 2461 2425 2461 1517 1517 1535 1535 208 74 81
59087 59060 59087 59060 1593 1593 1602 1602 159 180 214
2325 2361 2325 2361 1555 1555 1573 1573 168 214 138
59017 58990 59017 58990 1593 1593 1602 1602 206 166 88
2158 2194 2158 2194 1532 1532 1550 1550 91 106 199
60842 60806 60842 60806 1637 1637 1655 1655 152 7 223
59040 59013 59040 59013 1586 1586 1595 1595 146 9 139
2059 2095 2059 2095 1562 1562 1580 1580 40 204 106
1992 2028 1992 2028 1510 1510 1528 1528 208 93 191
59802 59762 59802 59762 1606 1606 1627 1627 60 36 147
2000 2027 2000 2027 1533 1533 1542 1542 222 15 127
1761 1800 1761 1800 1546 1546 1567 1567 67 229 37
61280 61252 61280 61252 1616 1616 1624 1624 151 72 225
60204 60177 60204 60177 1631 1631 1640 1640 167 110 2
1711 1738 1711 1738 1533 1533 1542 1542 182 191 64
1615 1651 1615 1651 1510 1510 1528 1528 47 111 119
61410 61374 61410 61374 1630 1630 1648 1648 105 25 76
1959 1986 1959 1986 1533 1533 1542 1542 194 211 120
60586 60559 60586 60559 1593 1593 1602 1602 208 133 248
61171 61144 61171 61144 1586 1586 1595 1595 140 102 167
1520 1559 1520 1559 1531 1531 1552 1552 27 138 238
1540 1580 1540 1580 1553 1553 1574 1574 50 151 120
61484 61444 61484 61444 1606 1606 1627 1627 11 238 156
Current Objects
End Step
SimulationStep: 72
Current Pedestrians
60027 1553 false
28133 1617 false
52587 1635 false
35364 1528 false
15228 1574 false
48666 1517 false
22248 1517 false
5833 1605 false
33021 1620 false
11554 1523 false
59910 1635 false
5343 1514 false
58583 1650 false
Current Vehicles
28583 28610 28583 28610 1563 1563 1572 1572 161 7 102
59309 59273 59309 59273 1630 1630 1648 1648 33 168 133
49417 49390 49417 49390 1586 1586 1595 1595 183 180 155
12157 12197 12157 12197 1561 1561 1582 1582 46 113 112
26673 26700 26673 26700 1563 1563 1572 1572 237 53 56
59718 59682 59718 59682 1585 1585 1603 1603 117 138 162
59572 59536 59572 59536 1637 1637 1655 1655 81 222 16
15587 15662 15587 15662 1555 1555 1581 1581 90 30 98
22480 22507 22480 22507 1571 1571 1580 1580 24 16 141
50667 50640 50667 50640 1586 1586 1595 1595 140 255 122
60180 60144 60180 60144 1592 1592 1610 1610 25 31 75
10324 10364 10324 10364 1546 1546 1567 1567 158 131 134
50615 50588 50615 50588 1586 1586 1595 1595 215 172 101
2518 2554 2518 2554 1562 1562 1580 1580 202 106 193
3091 3127 3091 3127 1562 1562 1580 1580 236 99 3
59880 59852 59880 59852 1593 1593 1601 1601 24 95 148
51194 51167 51194 51167 1586 1586 1595 1595 85 19 47
60417 60381 60417 60381 1607 1607 1625 1625 22 249 45
58940 58900 58940 58900 1583 1583 1604 1604 8 19 80
3094 3133 3094 3133 1538 1538 1559 1559 128 230 77
59828 59800 59828 59800 1631 1631 1639 1639 117 250 78
3930 3970 3930 3970 1538 1538 1559 1559 65 123 30
2425 2461 2425 2461 1525 1525 1543 1543 208 74 81
59087 59060 59087 59060 1593 1593 1602 1602 159 180 214
2358 2394 2358 2394 1555 1555 1573 1573 168 214 138
59017 58990 59017 58990 1593 1593 1602 1602 206 166 88
2191 2227 2191 2227 1532 1532 1550 1550 91 106 199
60809 60773 60809 60773 1637 1637 1655 1655 152 7 223
58993 58966 58993 58966 1586 1586 1595 1595 146 9 139
2092 2128 2092 2128 1562 1562 1580 1580 40 204 106
2025 2061 2025 2061 1510 1510 1528 1528 208 93 191
59667 59627 59667 59627 1606 1606 1627 1627 60 36 147
2008 2035 2008 2035 1533 1533 1542 1542 222 15 127
1814 1854 1814 1854 1546 1546 1567 1567 67 229 37
61233 61204 61233 61204 1616 1616 1624 1624 151 72 225
60044 60017 60044 60017 1631 1631 1640 1640 167 110 2
1719 1746 1719 1746 1533 1533 1542 1542 182 191 64
1642 1678 1642 1678 1510 1510 1528 1528 47 111 119
61385 61349 61385 61349 1630 1630 1648 1648 105 25 76
1966 1993 1966 1993 1541 1541 1550 1550 194 211 120
60418 60391 60418 60391 1593 1593 1602 1602 208 133 248
61162 61135 61162 61135 1608 1608 1617 1617 140 102 167
1543 1583 1543 1583 1531 1531 1552 1552 27 138 238
1578 1617 1578 1617 1553 1553 1574 1574 50 151 120
61460 61420 61460 61420 1606 1606 1627 1627 11 238 156
Current Objects
End Step
SimulationStep: 73
Current Pedestrians
60027 1554 false
28133 1619 false
52587 1635 false
35364 1529 false
15228 1577 false
48666 1518 false
22248 1517 false
5833 1605 false
33021 1620 false
11554 1525 false
59910 1635 false
5343 1516 false
58583 1635 false
26804 1650 false
Current Vehicles
28999 29026 28999 29026 1563 1563 1572 1572 161 7 102
59275 59239 59275 59239 1630 1630 1648 1648 33 168 133
49417 49390 49417 49390 1586 1586 1595 1595 183 180 155
12324 12363 12324 12363 1561 1561 1582 1582 46 113 112
27090 27117 27090 27117 1563 1563 1572 1572 237 53 56
59685 59649 59685 59649 1585 1585 1603 1603 117 138 162
59539 59503 59539 59503 1637 1637 1655 1655 81 222 16
15587 15662 15587 15662 1555 1555 1581 1581 90 30 98
22896 22923 22896 22923 1571 1571 1580 1580 24 16 141
50667 50640 50667 50640 1586 1586 1595 1595 140 255 122
60157 60121 60157 60121 1592 1592 1610 1610 25 31 75
10490 10530 10490 10530 1546 1546 1567 1567 158 131 134
50615 50588 50615 50588 1586 1586 1595 1595 215 172 101
2550 2586 2550 2586 1562 1562 1580 1580 202 106 193
3125 3161 3125 3161 1562 1562 1580 1580 236 99 3
59825 59796 59825 59796 1593 1593 1601 1601 24 95 148
50792 50765 50792 50765 1586 1586 1595 1595 85 19 47
60384 60348 60384 60348 1607 1607 1625 1625 22 249 45
58940 58900 58940 58900 1583 1583 1604 1604 8 19 80
3228 3267 3228 3267 1538 1538 1559 1559 128 230 77
59801 59773 59801 59773 1631 1631 1639 1639 117 250 78
4090 4130 4090 4130 1538 1538 1559 1559 65 123 30
2425 2461 2425 2461 1532 1532 1550 1550 208 74 81
59023 58996 59023 58996 1586 1586 1595 1595 159 180 214
2391 2427 2391 2427 1555 1555 1573 1573 168 214 138
59017 58990 59017 58990 1593 1593 1602 1602 206 166 88
2225 2261 2225 2261 1532 1532 1550 1550 91 106 199
60775 60739 60775 60739 1637 1637 1655 1655 152 7 223
58919 58892 58919 58892 1586 1586 1595 1595 146 9 139
2126 2162 2126 2162 1562 1562 1580 1580 40 204 106
2058 2094 2058 2094 1510 1510 1528 1528 208 93 191
59525 59485 59525 59485 1606 1606 1627 1627 60 36 147
2038 2065 2038 2065 1533 1533 1542 1542 222 15 127
1818 1857 1818 1857 1553 1553 1574 1574 67 229 37
61232 61203 61232 61203 1608 1608 1616 1616 151 72 225
59936 59909 59936 59909 1631 1631 1640 1640 167 110 2
1749 1776 1749 1776 1533 1533 1542 1542 182 191 64
1670 1706 1670 1706 1510 1510 1528 1528 47 111 119
61358 61322 61358 61322 1630 1630 1648 1648 105 25 76
1991 2018 1991 2018 1540 1541 1549 1550 194 211 120
60181 60154 60181 60154 1616 1616 1625 1625 208 133 248
61133 61106 61133 61106 1608 1608 1617 1617 140 102 167
1570 1610 1570 1610 1531 1531 1552 1552 27 138 238
1631 1671 1631 1671 1553 1553 1574 1574 50 151 120
61390 61351 61390 61351 1583 1583 1604 1604 11 238 156
1505 1545 1505 1545 1553 1553 1574 1574 124 52 221
1502 1538 1502 1538 1510 1510 1528 1528 152 84 33
Current Objects
End Step
SimulationStep: 74
Current Pedestrians
60027 1555 false
28133 1622 false
52587 1635 false
35364 1529 false
15228 1579 false
48666 1519 false
22248 1518 false
5833 1605 false
33021 1620 false
11554 1527 false
59912 1635 false
5343 1518 false
58583 1635 false
26804 1650 false
32435 1502 false
Current Vehicles
29416 29443 29416 29443 1563 1563 1572 1572 161 7 102
59242 59206 59242 59206 1630 1630 1648 1648 33 168 133
49417 49390 49417 49390 1586 1586 1595 1595 183 180 155
12490 12530 12490 12530 1561 1561 1582 1582 46 113 112
27507 27534 27507 27534 1563 1563 1572 1572 237 53 56
59652 59616 59652 59616 1585 1585 1603 1603 117 138 162
59505 59469 59505 59469 1637 1637 1655 1655 81 222 16
15587 15662 15587 15662 1555 1555 1581 1581 90 30 98
23312 23339 23312 23339 1571 1571 1580 1580 24 16 141
50667 50640 50667 50640 1586 1586 1595 1595 140 255 122
60132 60096 60132 60096 1592 1592 1610 1610 25 31 75
10657 10697 10657 10697 1546 1546 1567 1567 158 131 134
50615 50588 50615 50588 1586 1586 1595 1595 215 172 101
2583 2619 2583 2619 1562 1562 1580 1580 202 106 193
3158 3194 3158 3194 1562 1562 1580 1580 236 99 3
59768 59739 59768 59739 1593 1593 1601 1601 24 95 148
50439 50412 50439 50412 1586 1586 1595 1595 85 19 47
60351 60315 60351 60315 1607 1607 1625 1625 22 249 45
58940 58900 58940 58900 1583 1583 1604 1604 8 19 80
3369 3409 3369 3409 1538 1538 1559 1559 128 230 77
59769 59740 59769 59740 1631 1631 1639 1639 117 250 78
4252 4292 4252 4292 1538 1538 1559 1559 65 123 30
2425 2461 2425 2461 1532 1532 1550 1550 208 74 81
58998 58971 58998 58971 1586 1586 1595 1595 159 180 214
2425 2461 2425 2461 1555 1555 1573 1573 168 214 138
59017 58990 59017 58990 1593 1593 1602 1602 206 166 88
2258 2294 2258 2294 1532 1532 1550 1550 91 106 199
60742 60706 60742 60706 1637 1637 1655 1655 152 7 223
58812 58785 58812 58785 1586 1586 1595 1595 146 9 139
2159 2195 2159 2195 1562 1562 1580 1580 40 204 106
2092 2128 2092 2128 1510 1510 1528 1528 208 93 191
59377 59338 59377 59338 1606 1606 1627 1627 60 36 147
2075 2102 2075 2102 1541 1541 1550 1550 222 15 127
1829 1869 1829 1869 1553 1553 1574 1574 67 229 37
61230 61202 61230 61202 1601 1601 1609 1609 151 72 225
59928 59901 59928 59901 1616 1616 1625 1625 167 110 2
1808 1835 1808 1835 1533 1533 1542 1542 182 191 64
1700 1736 1700 1736 1510 1510 1528 1528 47 111 119
61330 61294 61330 61294 1630 1630 1648 1648 105 25 76
1999 2026 1999 2026 1548 1548 1557 1557 194 211 120
60181 60154 60181 60154 1623 1623 1632 1632 208 133 248
61074 61047 61074 61047 1608 1608 1617 1617 140 102 167
1602 1641 1602 1641 1531 1531 1552 1552 27 138 238
1701 1741 1701 1741 1553 1553 1574 1574 50 151 120
61390 61351 61390 61351 1583 1583 1604 1604 11 238 156
1516 1556 1516 1556 1553 1553 1574 1574 124 52 221
1505 1541 1505 1541 1510 1510 1528 1528 152 84 33
Current Objects
End Step
SimulationStep: 75
Current Pedestrians
60027 1556 false
28133 1624 false
52587 1620 false
35364 1530 false
15228 1581 false
48666 1520 false
22248 1519 false
5833 1605 false
33021 1620 false
11554 1529 false
59912 1635 false
5343 1520 false
58583 1635 false
26804 1650 false
32435 1505 false
Current Vehicles
29833 29860 29833 29860 1563 1563 1572 1572 161 7 102
59242 59206 59242 59206 1622 1622 1640 1640 33 168 133
49417 49390 49417 49390 1586 1586 1595 1595 183 180 155
12657 12697 12657 12697 1561 1561 1582 1582 46 113 112
27923 27950 27923 27950 1563 1563 1572 1572 237 53 56
59619 59583 59619 59583 1585 1585 1603 1603 117 138 162
59472 59436 59472 59436 1637 1637 1655 1655 81 222 16
15587 15662 15587 15662 1555 1555 1581 1581 90 30 98
23728 23755 23728 23755 1571 1571 1580 1580 24 16 141
50667 50640 50667 50640 1586 1586 1595 1595 140 255 122
60105 60069 60105 60069 1592 1592 1610 1610 25 31 75
10824 10864 10824 10864 1546 1546 1567 1567 158 131 134
50615 50588 50615 50588 1586 1586 1595 1595 215 172 101
2616 2652 2616 2652 1562 1562 1580 1580 202 106 193
3191 3227 3191 3227 1562 1562 1580 1580 236 99 3
59709 59681 59709 59681 1608 1608 1616 1616 24 95 148
50439 50412 50439 50412 1586 1586 1595 1595 85 19 47
60318 60282 60318 60282 1607 1607 1625 1625 22 249 45
58940 58900 58940 58900 1583 1583 1604 1604 8 19 80
3516 3556 3516 3556 1538 1538 1559 1559 128 230 77
59731 59702 59731 59702 1631 1631 1639 1639 117 250 78
4415 4455 4415 4455 1538 1538 1559 1559 65 123 30
2425 2461 2425 2461 1532 1532 1550 1550 208 74 81
58945 58918 58945 58918 1586 1586 1595 1595 159 180 214
2458 2494 2458 2494 1562 1562 1580 1580 168 214 138
59017 58990 59017 58990 1593 1593 1602 1602 206 166 88
2291 2327 2291 2327 1532 1532 1550 1550 91 106 199
60709 60673 60709 60673 1637 1637 1655 1655 152 7 223
58665 58638 58665 58638 1586 1586 1595 1595 146 9 139
2192 2228 2192 2228 1562 1562 1580 1580 40 204 106
2125 2161 2125 2161 1510 1510 1528 1528 208 93 191
59374 59334 59374 59334 1598 1598 1619 1619 60 36 147
2075 2102 2075 2102 1548 1548 1557 1557 222 15 127
1853 1892 1853 1892 1553 1553 1574 1574 67 229 37
61226 61197 61226 61197 1601 1601 1609 1609 151 72 225
59899 59872 59899 59872 1616 1616 1625 1625 167 110 2
1903 1930 1903 1930 1533 1533 1542 1542 182 191 64
1731 1767 1731 1767 1510 1510 1528 1528 47 111 119
61300 61264 61300 61264 1630 1630 1648 1648 105 25 76
2029 2056 2029 2056 1548 1548 1557 1557 194 211 120
60173 60146 60173 60146 1623 1623 1632 1632 208 133 248
60978 60951 60978 60951 1608 1608 1617 1617 140 102 167
1648 1688 1648 1688 1531 1531 1552 1552 27 138 238
1705 1744 1705 1744 1561 1561 1582 1582 50 151 120
61387 61347 61387 61347 1583 1583 1604 1604 11 238 156
1540 1580 1540 1580 1553 1553 1574 1574 124 52 221
1510 1546 1510 1546 1510 1510 1528 1528 152 84 33
Current Objects
End Step
SimulationStep: 76
Current Pedestrians
60027 1556 false
28133 1626 false
52587 1620 false
35364 1531 false
15228 1583 false
48666 1520 false
22248 1520 false
5833 1605 false
33021 1620 false
11554 1532 false
59912 1635 false
5343 1523 false
58583 1635 false
26804 1650 false
32435 1507 false
Current Vehicles
30249 30276 30249 30276 1563 1563 1572 1572 161 7 102
59209 59173 59209 59173 1615 1615 1633 1633 33 168 133
49417 49390 49417 49390 1586 1586 1595 1595 183 180 155
12824 12863 12824 12863 1561 1561 1582 1582 46 113 112
28340 28367 28340 28367 1563 1563 1572 1572 237 53 56
59585 59549 59585 59549 1585 1585 1603 1603 117 138 162
59439 59403 59439 59403 1637 1637 1655 1655 81 222 16
15587 15662 15587 15662 1555 1555 1581 1581 90 30 98
24145 24172 24145 24172 1571 1571 1580 1580 24 16 141
50667 50640 50667 50640 1586 1586 1595 1595 140 255 122
60077 60041 60077 60041 1592 1592 1610 1610 25 31 75
10990 11030 10990 11030 1546 1546 1567 1567 158 131 134
50615 50588 50615 50588 1586 1586 1595 1595 215 172 101
2649 2685 2649 2685 1562 1562 1580 1580 202 106 193
3225 3261 3225 3261 1562 1562 1580 1580 236 99 3
59708 59679 59708 59679 1608 1608 1616 1616 24 95 148
50439 50412 50439 50412 1586 1586 1595 1595 85 19 47
60285 60249 60285 60249 1607 1607 1625 1625 22 249 45
58940 58900 58940 58900 1583 1583 1604 1604 8 19 80
3668 3708 3668 3708 1538 1538 1559 1559 128 230 77
59688 59659 59688 59659 1631 1631 1639 1639 117 250 78
4579 4619 4579 4619 1538 1538 1559 1559 65 123 30
2425 2461 2425 2461 1540 1540 1558 1558 208 74 81
58893 58866 58893 58866 1586 1586 1595 1595 159 180 214
2478 2514 2478 2514 1562 1562 1580 1580 168 214 138
59017 58990 59017 58990 1593 1593 1602 1602 206 166 88
2325 2361 2325 2361 1532 1532 1550 1550 91 106 199
60675 60639 60675 60639 1637 1637 1655 1655 152 7 223
58476 58449 58476 58449 1586 1586 1595 1595 146 9 139
2225 2261 2225 2261 1562 1562 1580 1580 40 204 106
2158 2194 2158 2194 1510 1510 1528 1528 208 93 191
59339 59299 59339 59299 1591 1591 1612 1612 60 36 147
2075 2102 2075 2102 1556 1556 1565 1565 222 15 127
1890 1930 1890 1930 1553 1553 1574 1574 67 229 37
61217 61189 61217 61189 1601 1601 1609 1609 151 72 225
59840 59813 59840 59813 1616 1616 1625 1625 167 110 2
2039 2066 2039 2066 1533 1533 1542 1542 182 191 64
1763 1799 1763 1799 1510 1510 1528 1528 47 111 119
61269 61233 61269 61233 1630 1630 1648 1648 105 25 76
2052 2079 2052 2079 1548 1548 1557 1557 194 211 120
60143 60116 60143 60116 1623 1623 1632 1632 208 133 248
60843 60816 60843 60816 1608 1608 1617 1617 140 102 167
1712 1751 1712 1751 1531 1531 1552 1552 27 138 238
1716 1756 1716 1756 1561 1561 1582 1582 50 151 120
61376 61336 61376 61336 1583 1583 1604 1604 11 238 156
1540 1580 1540 1580 1561 1561 1582 1582 124 52 221
1519 1555 1519 1555 1510 1510 1528 1528 152 84 33
Current Objects
End Step
SimulationStep: 77
Current Pedestrians
60027 1557 false
28133 1628 false
52587 1620 false
35364 1532 false
15228 1586 false
48666 1521 false
22248 1520 false
5833 1590 false
33021 1620 false
11554 1534 false
59912 1635 false
5343 1525 false
58583 1635 false
26804 1650 false
32435 1509 false
Current Vehicles
30623 30650 30623 30650 1563 1563 1572 1572 161 7 102
59176 59140 59176 59140 1615 1615 1633 1633 33 168 133
49417 49390 49417 49390 1586 1586 1595 1595 183 180 155
12990 13030 12990 13030 1561 1561 1582 1582 46 113 112
28722 28749 28722 28749 1563 1563 1572 1572 237 53 56
59552 59516 59552 59516 1585 1585 1603 1603 117 138 162
59405 59369 59405 59369 1637 1637 1655 1655 81 222 16
15587 15662 15587 15662 1555 1555 1581 1581 90 30 98
24561 24588 24561 24588 1571 1571 1580 1580 24 16 141
50667 50640 50667 50640 1586 1586 1595 1595 140 255 122
60047 60011 60047 60011 1592 1592 1610 1610 25 31 75
11157 11197 11157 11197 1546 1546 1567 1567 158 131 134
50615 50588 50615 50588 1586 1586 1595 1595 215 172 101
2682 2718 2682 2718 1562 1562 1580 1580 202 106 193
3258 3294 3258 3294 1562 1562 1580 1580 236 99 3
59704 59675 59704 59675 1608 1608 1616 1616 24 95 148
50439 50412 50439 50412 1586 1586 1595 1595 85 19 47
60252 60216 60252 60216 1607 1607 1625 1625 22 249 45
58940 58900 58940 58900 1583 1583 1604 1604 8 19 80
3823 3863 3823 3863 1538 1538 1559 1559 128 230 77
59640 59612 59640 59612 1631 1631 1639 1639 117 250 78
4744 4784 4744 4784 1538 1538 1559 1559 65 123 30
2425 2461 2425 2461 1547 1547 1565 1565 208 74 81
58844 58817 58844 58817 1586 1586 1595 1595 159 180 214
2485 2521 2485 2521 1562 1562 1580 1580 168 214 138
59017 58990 59017 58990 1593 1593 1602 1602 206 166 88
2358 2394 2358 2394 1532 1532 1550 1550 91 106 199
60642 60606 60642 60606 1637 1637 1655 1655 152 7 223
58248 58221 58248 58221 1586 1586 1595 1595 146 9 139
2259 2295 2259 2295 1562 1562 1580 1580 40 204 106
2191 2227 2191 2227 1510 1510 1528 1528 208 93 191
59301 59262 59301 59262 1591 1591 1612 1612 60 36 147
2075 2102 2075 2102 1556 1556 1565 1565 222 15 127
1926 1966 1926 1966 1553 1553 1574 1574 67 229 37
61203 61174 61203 61174 1601 1601 1609 1609 151 72 225
59778 59751 59778 59751 1616 1616 1625 1625 167 110 2
2147 2174 2147 2174 1541 1541 1550 1550 182 191 64
1795 1831 1795 1831 1510 1510 1528 1528 47 111 119
61237 61201 61237 61201 1630 1630 1648 1648 105 25 76
2052 2079 2052 2079 1548 1548 1557 1557 194 211 120
60084 60057 60084 60057 1623 1623 1632 1632 208 133 248
60455 60428 60455 60428 1593 1593 1602 1602 140 102 167
1791 1831 1791 1831 1531 1531 1552 1552 27 138 238
1740 1779 1740 1779 1561 1561 1582 1582 50 151 120
61352 61312 61352 61312 1583 1583 1604 1604 11 238 156
1543 1583 1543 1583 1561 1561 1582 1582 124 52 221
1531 1567 1531 1567 1510 1510 1528 1528 152 84 33
Current Objects
End Step
SimulationStep: 78
Current Pedestrians
60027 1558 false
28133 1631 false
52587 1620 false
35364 1532 false
15228 1588 false
48666 1522 false
22248 1521 false
5833 1590 false
33021 1620 false
11554 1536 false
59912 1620 false
5343 1527 false
58583 1635 false
26804 1650 false
32435 1511 false
2053 1650 false
Current Vehicles
30917 30944 30917 30944 1563 1563 1572 1572 161 7 102
59142 59106 59142 59106 1615 1615 1633 1633 33 168 133
49417 49390 49417 49390 1586 1586 1595 1595 183 180 155
13157 13197 13157 13197 1561 1561 1582 1582 46 113 112
29080 29107 29080 29107 1563 1563 1572 1572 237 53 56
59519 59483 59519 59483 1585 1585 1603 1603 117 138 162
59372 59336 59372 59336 1637 1637 1655 1655 81 222 16
15587 15662 15587 15662 1555 1555 1581 1581 90 30 98
24978 25005 24978 25005 1571 1571 1580 1580 24 16 141
50667 50640 50667 50640 1586 1586 1595 1595 140 255 122
60016 59980 60016 59980 1592 1592 1610 1610 25 31 75
11324 11364 11324 11364 1546 1546 1567 1567 158 131 134
50615 50588 50615 50588 1586 1586 1595 1595 215 172 101
2715 2751 2715 2751 1562 1562 1580 1580 202 106 193
3291 3327 3291 3327 1562 1562 1580 1580 236 99 3
59695 59666 59695 59666 1608 1608 1616 1616 24 95 148
50439 50412 50439 50412 1586 1586 1595 1595 85 19 47
60218 60182 60218 60182 1607 1607 1625 1625 22 249 45
58940 58900 58940 58900 1583 1583 1604 1604 8 19 80
3982 4021 3982 4021 1538 1538 1559 1559 128 230 77
59590 59561 59590 59561 1631 1631 1639 1639 117 250 78
4909 4949 4909 4949 1538 1538 1559 1559 65 123 30
2425 2461 2425 2461 1555 1555 1573 1573 208 74 81
58760 58733 58760 58733 1586 1586 1595 1595 159 180 214
2496 2532 2496 2532 1562 1562 1580 1580 168 214 138
59017 58990 59017 58990 1593 1593 1602 1602 206 166 88
2391 2427 2391 2427 1532 1532 1550 1550 91 106 199
60609 60573 60609 60573 1637 1637 1655 1655 152 7 223
57984 57957 57984 57957 1586 1586 1595 1595 146 9 139
2292 2328 2292 2328 1562 1562 1580 1580 40 204 106
2225 2261 2225 2261 1510 1510 1528 1528 208 93 191
59248 59208 59248 59208 1591 1591 1612 1612 60 36 147
2075 2102 2075 2102 1556 1556 1565 1565 222 15 127
1961 2001 1961 2001 1553 1553 1574 1574 67 229 37
61182 61154 61182 61154 1601 1601 1609 1609 151 72 225
59744 59717 59744 59717 1616 1616 1625 1625 167 110 2
2147 2174 2147 2174 1548 1548 1557 1557 182 191 64
1827 1863 1827 1863 1510 1510 1528 1528 47 111 119
61205 61169 61205 61169 1630 1630 1648 1648 105 25 76
2052 2079 2052 2079 1548 1548 1557 1557 194 211 120
59918 59891 59918 59891 1616 1616 1625 1625 208 133 248
60155 60128 60155 60128 1638 1638 1647 1647 140 102 167
1875 1915 1875 1915 1531 1531 1552 1552 27 138 238
1777 1817 1777 1817 1561 1561 1582 1582 50 151 120
61314 61275 61314 61275 1583 1583 1604 1604 11 238 156
1555 1595 1555 1595 1561 1561 1582 1582 124 52 221
1548 1584 1548 1584 1510 1510 1528 1528 152 84 33
Current Objects
End Step
SimulationStep: 79
Current Pedestrians
60027 1559 false
28133 1633 false
52587 1620 false
35364 1533 false
15228 1590 false
48666 1523 false
22248 1522 false
5833 1590 false
33021 1605 false
11554 1538 false
59912 1620 false
5343 1529 false
58583 1635 false
26804 1650 false
32435 1514 false
2053 1650 false
Current Vehicles
31132 31159 31132 31159 1571 1571 1580 1580 161 7 102
59109 59073 59109 59073 1615 1615 1633 1633 33 168 133
49417 49390 49417 49390 1586 1586 1595 1595 183 180 155
13324 13363 13324 13363 1561 1561 1582 1582 46 113 112
29451 29478 29451 29478 1563 1563 1572 1572 237 53 56
59485 59449 59485 59449 1585 1585 1603 1603 117 138 162
59339 59303 59339 59303 1637 1637 1655 1655 81 222 16
15587 15662 15587 15662 1555 1555 1581 1581 90 30 98
25394 25421 25394 25421 1571 1571 1580 1580 24 16 141
50667 50640 50667 50640 1586 1586 1595 1595 140 255 122
59984 59948 59984 59948 1592 1592 1610 1610 25 31 75
11490 11530 11490 11530 1546 1546 1567 1567 158 131 134
50615 50588 50615 50588 1586 1586 1595 1595 215 172 101
2748 2784 2748 2784 1562 1562 1580 1580 202 106 193
3325 3361 3325 3361 1562 1562 1580 1580 236 99 3
59680 59652 59680 59652 1608 1608 1616 1616 24 95 148
50439 50412 50439 50412 1586 1586 1595 1595 85 19 47
60185 60149 60185 60149 1607 1607 1625 1625 22 249 45
58940 58900 58940 58900 1583 1583 1604 1604 8 19 80
4142 4182 4142 4182 1538 1538 1559 1559 128 230 77
59537 59508 59537 59508 1631 1631 1639 1639 117 250 78
4909 4949 4909 4949 1546 1546 1567 1567 65 123 30
2449 2485 2449 2485 1562 1562 1580 1580 208 74 81
58636 58609 58636 58609 1586 1586 1595 1595 159 180 214
2511 2547 2511 2547 1562 1562 1580 1580 168 214 138
59017 58990 59017 58990 1593 1593 1602 1602 206 166 88
2425 2461 2425 2461 1532 1532 1550 1550 91 106 199
60575 60539 60575 60539 1637 1637 1655 1655 152 7 223
57689 57662 57689 57662 1586 1586 1595 1595 146 9 139
2325 2361 2325 2361 1562 1562 1580 1580 40 204 106
2258 2294 2258 2294 1510 1510 1528 1528 208 93 191
59178 59138 59178 59138 1591 1591 1612 1612 60 36 147
2075 2102 2075 2102 1556 1556 1565 1565 222 15 127
1990 2030 1990 2030 1553 1553 1574 1574 67 229 37
61156 61127 61156 61127 1601 1601 1609 1609 151 72 225
59726 59699 59726 59699 1616 1616 1625 1625 167 110 2
2147 2174 2147 2174 1556 1556 1565 1565 182 191 64
1860 1896 1860 1896 1510 1510 1528 1528 47 111 119
61173 61137 61173 61137 1630 1630 1648 1648 105 25 76
2052 2079 2052 2079 1548 1548 1557 1557 194 211 120
59824 59797 59824 59797 1616 1616 1625 1625 208 133 248
59993 59966 59993 59966 1638 1638 1647 1647 140 102 167
1946 1986 1946 1986 1531 1531 1552 1552 27 138 238
1831 1871 1831 1871 1561 1561 1582 1582 50 151 120
61261 61221 61261 61221 1583 1583 1604 1604 11 238 156
1578 1618 1578 1618 1561 1561 1582 1582 124 52 221
1567 1603 1567 1603 1510 1510 1528 1528 152 84 33
1510 1537 1510 1537 1518 1518 1527 1527 156 76 101
61461 61434 61461 61434 1616 1616 1625 1625 198 174 240
Current Objects
End Step
SimulationStep: 80
Current Pedestrians
60027 1559 false
28133 1635 false
52587 1620 false
35364 1534 false
15228 1592 false
48666 1523 false
22248 1523 false
5833 1590 false
33021 1605 false
11554 1541 false
59912 1620 false
5343 1532 false
58583 1620 false
26804 1650 false
32435 1516 false
2053 1650 false
Current Vehicles
31280 31307 31280 31307 1571 1571 1580 1580 161 7 102
59076 59040 59076 59040 1615 1615 1633 1633 33 168 133
49417 49390 49417 49390 1586 1586 1595 1595 183 180 155
13490 13530 13490 13530 1561 1561 1582 1582 46 113 112
29833 29860 29833 29860 1563 1563 1572 1572 237 53 56
59452 59416 59452 59416 1585 1585 1603 1603 117 138 162
59305 59269 59305 59269 1637 1637 1655 1655 81 222 16
15587 15662 15587 15662 1555 1555 1581 1581 90 30 98
25811 25838 25811 25838 1571 1571 1580 1580 24 16 141
50667 50640 50667 50640 1586 1586 1595 1595 140 255 122
59952 59916 59952 59916 1592 1592 1610 1610 25 31 75
11657 11697 11657 11697 1546 1546 1567 1567 158 131 134
50615 50588 50615 50588 1586 1586 1595 1595 215 172 101
2782 2818 2782 2818 1562 1562 1580 1580 202 106 193
3358 3394 3358 3394 1562 1562 1580 1580 236 99 3
59660 59632 59660 59632 1608 1608 1616 1616 24 95 148
50439 50412 50439 50412 1586 1586 1595 1595 85 19 47
60152 60116 60152 60116 1607 1607 1625 1625 22 249 45
58940 58900 58940 58900 1583 1583 1604 1604 8 19 80
4304 4343 4304 4343 1538 1538 1559 1559 128 230 77
59492 59464 59492 59464 1631 1631 1639 1639 117 250 78
5075 5114 5075 5114 1553 1553 1574 1574 65 123 30
2463 2499 2463 2499 1562 1562 1580 1580 208 74 81
58471 58444 58471 58444 1586 1586 1595 1595 159 180 214
2529 2565 2529 2565 1562 1562 1580 1580 168 214 138
59017 58990 59017 58990 1593 1593 1602 1602 206 166 88
2425 2461 2425 2461 1540 1540 1558 1558 91 106 199
60542 60506 60542 60506 1622 1622 1640 1640 152 7 223
57368 57341 57368 57341 1586 1586 1595 1595 146 9 139
2359 2395 2359 2395 1562 1562 1580 1580 40 204 106
2291 2327 2291 2327 1510 1510 1528 1528 208 93 191
59097 59057 59097 59057 1591 1591 1612 1612 60 36 147
2110 2137 2110 2137 1563 1563 1572 1572 222 15 127
2002 2042 2002 2042 1553 1553 1574 1574 67 229 37
61123 61095 61123 61095 1601 1601 1609 1609 151 72 225
59726 59699 59726 59699 1616 1616 1625 1625 167 110 2
2147 2174 2147 2174 1556 1556 1565 1565 182 191 64
1893 1929 1893 1929 1510 1510 1528 1528 47 111 119
61140 61104 61140 61104 1630 1630 1648 1648 105 25 76
2052 2079 2052 2079 1548 1548 1557 1557 194 211 120
59777 59750 59777 59750 1616 1616 1625 1625 208 133 248
59712 59685 59712 59685 1646 1646 1655 1655 140 102 167
1991 2030 1991 2030 1531 1531 1552 1552 27 138 238
1897 1936 1897 1936 1561 1561 1582 1582 50 151 120
61204 61164 61204 61164 1583 1583 1604 1604 11 238 156
1616 1656 1616 1656 1561 1561 1582 1582 124 52 221
1590 1626 1590 1626 1510 1510 1528 1528 152 84 33
1537 1564 1537 1564 1518 1518 1527 1527 156 76 101
61402 61375 61402 61375 1616 1616 1625 1625 198 174 240
1502 1538 1502 1538 1532 1532 1550 1550 165 240 36
Current Objects
End Step
SimulationStep: 81
Current Pedestrians
60027 1560 false
28133 1637 false
52587 1620 false
35364 1535 false
15228 1595 false
48666 1524 false
22248 1523 false
5833 1590 false
33021 1605 false
11554 1543 false
59912 1620 false
5343 1534 false
58583 1620 false
26804 1650 false
32435 1518 false
2053 1650 false
Current Vehicles
31361 31388 31361 31388 1571 1571 1580 1580 161 7 102
59042 59006 59042 59006 1615 1615 1633 1633 33 168 133
49417 49390 49417 49390 1586 1586 1595 1595 183 180 155
13657 13697 13657 13697 1561 1561 1582 1582 46 113 112
30148 30175 30148 30175 1563 1563 1572 1572 237 53 56
59419 59383 59419 59383 1585 1585 1603 1603 117 138 162
59272 59236 59272 59236 1637 1637 1655 1655 81 222 16
15587 15662 15587 15662 1555 1555 1581 1581 90 30 98
26227 26254 26227 26254 1571 1571 1580 1580 24 16 141
50667 50640 50667 50640 1586 1586 1595 1595 140 255 122
59920 59884 59920 59884 1592 1592 1610 1610 25 31 75
11824 11864 11824 11864 1546 1546 1567 1567 158 131 134
50615 50588 50615 50588 1586 1586 1595 1595 215 172 101
2815 2851 2815 2851 1562 1562 1580 1580 202 106 193
3391 3427 3391 3427 1562 1562 1580 1580 236 99 3
59633 59605 59633 59605 1608 1608 1616 1616 24 95 148
50439 50412 50439 50412 1586 1586 1595 1595 85 19 47
60119 60083 60119 60083 1607 1607 1625 1625 22 249 45
58940 58900 58940 58900 1583 1583 1604 1604 8 19 80
4467 4506 4467 4506 1538 1538 1559 1559 128 230 77
59458 59430 59458 59430 1631 1631 1639 1639 117 250 78
5240 5280 5240 5280 1553 1553 1574 1574 65 123 30
2471 2507 2471 2507 1562 1562 1580 1580 208 74 81
58265 58238 58265 58238 1586 1586 1595 1595 159 180 214
2550 2586 2550 2586 1562 1562 1580 1580 168 214 138
59017 58990 59017 58990 1593 1593 1602 1602 206 166 88
2425 2461 2425 2461 1540 1540 1558 1558 91 106 199
60509 60473 60509 60473 1622 1622 1640 1640 152 7 223
57025 56998 57025 56998 1586 1586 1595 1595 146 9 139
2378 2414 2378 2414 1562 1562 1580 1580 40 204 106
2325 2361 2325 2361 1510 1510 1528 1528 208 93 191
59041 59001 59041 59001 1591 1591 1612 1612 60 36 147
2110 2137 2110 2137 1563 1563 1572 1572 222 15 127
2005 2045 2005 2045 1561 1561 1582 1582 67 229 37
61085 61057 61085 61057 1601 1601 1609 1609 151 72 225
59718 59691 59718 59691 1616 1616 1625 1625 167 110 2
2147 2174 2147 2174 1556 1556 1565 1565 182 191 64
1926 1962 1926 1962 1510 1510 1528 1528 47 111 119
61107 61071 61107 61071 1630 1630 1648 1648 105 25 76
2052 2079 2052 2079 1548 1548 1557 1557 194 211 120
59766 59739 59766 59739 1616 1616 1625 1625 208 133 248
59547 59520 59547 59520 1638 1638 1647 1647 140 102 167
1994 2034 1994 2034 1538 1538 1559 1559 27 138 238
1900 1940 1900 1940 1546 1546 1567 1567 50 151 120
61153 61113 61153 61113 1583 1583 1604 1604 11 238 156
1660 1700 1660 1700 1561 1561 1582 1582 124 52 221
1615 1651 1615 1651 1510 1510 1528 1528 152 84 33
1563 1590 1563 1590 1518 1518 1527 1527 156 76 101
61306 61279 61306 61279 1616 1616 1625 1625 198 174 240
1505 1541 1505 1541 1532 1532 1550 1550 165 240 36
1502 1538 1502 1538 1562 1562 1580 1580 212 15 40
61490 61415 61490 61415 1622 1622 1648 1648 189 28 136
61472 61445 61472 61445 1608 1608 1617 1617 244 165 62
Current Objects
End Step
SimulationStep: 82
Current Pedestrians
60027 1561 false
28133 1640 false
52587 1620 false
35364 1535 false
15228 1597 false
48666 1525 false
22248 1524 false
5833 1590 false
33021 1605 false
11554 1545 false
59912 1620 false
5343 1536 false
58583 1620 false
26804 1650 false
32435 1520 false
2053 1650 false
Current Vehicles
31509 31536 31509 31536 1568 1568 1577 1577 161 7 102
59009 58973 59009 58973 1615 1615 1633 1633 33 168 133
49417 49390 49417 49390 1586 1586 1595 1595 183 180 155
13824 13863 13824 13863 1561 1561 1582 1582 46 113 112
30408 30435 30408 30435 1563 1563 1572 1572 237 53 56
59385 59349 59385 59349 1585 1585 1603 1603 117 138 162
59239 59203 59239 59203 1637 1637 1655 1655 81 222 16
15587 15662 15587 15662 1555 1555 1581 1581 90 30 98
26644 26671 26644 26671 1571 1571 1580 1580 24 16 141
50667 50640 50667 50640 1586 1586 1595 1595 140 255 122
59887 59851 59887 59851 1592 1592 1610 1610 25 31 75
11990 12030 11990 12030 1546 1546 1567 1567 158 131 134
50615 50588 50615 50588 1586 1586 1595 1595 215 172 101
2848 2884 2848 2884 1562 1562 1580 1580 202 106 193
3425 3461 3425 3461 1562 1562 1580 1580 236 99 3
59601 59572 59601 59572 1608 1608 1616 1616 24 95 148
50439 50412 50439 50412 1586 1586 1595 1595 85 19 47
60085 60049 60085 60049 1607 1607 1625 1625 22 249 45
58940 58900 58940 58900 1583 1583 1604 1604 8 19 80
4631 4670 4631 4670 1538 1538 1559 1559 128 230 77
59422 59393 59422 59393 1631 1631 1639 1639 117 250 78
5407 5446 5407 5446 1553 1553 1574 1574 65 123 30
2474 2510 2474 2510 1562 1562 1580 1580 208 74 81
58022 57995 58022 57995 1586 1586 1595 1595 159 180 214
2575 2611 2575 2611 1562 1562 1580 1580 168 214 138
59017 58990 59017 58990 1593 1593 1602 1602 206 166 88
2425 2461 2425 2461 1540 1540 1558 1558 91 106 199
60475 60439 60475 60439 1622 1622 1640 1640 152 7 223
56665 56638 56665 56638 1586 1586 1595 1595 146 9 139
2386 2422 2386 2422 1562 1562 1580 1580 40 204 106
2358 2394 2358 2394 1510 1510 1528 1528 208 93 191
59041 59001 59041 59001 1583 1583 1604 1604 60 36 147
2118 2145 2118 2145 1563 1563 1572 1572 222 15 127
2017 2057 2017 2057 1561 1561 1582 1582 67 229 37
61042 61014 61042 61014 1601 1601 1609 1609 151 72 225
59709 59682 59709 59682 1630 1630 1639 1639 167 110 2
2147 2174 2147 2174 1556 1556 1565 1565 182 191 64
1959 1995 1959 1995 1510 1510 1528 1528 47 111 119
61074 61038 61074 61038 1630 1630 1648 1648 105 25 76
2052 2079 2052 2079 1548 1548 1557 1557 194 211 120
59753 59726 59753 59726 1616 1616 1625 1625 208 133 248
59547 59520 59547 59520 1631 1631 1640 1640 140 102 167
2000 2040 2000 2040 1538 1538 1559 1559 27 138 238
1912 1951 1912 1951 1546 1546 1567 1567 50 151 120
61153 61113 61153 61113 1583 1583 1604 1604 11 238 156
1712 1752 1712 1752 1561 1561 1582 1582 124 52 221
1642 1678 1642 1678 1510 1510 1528 1528 152 84 33
1590 1617 1590 1617 1518 1518 1527 1527 156 76 101
61171 61144 61171 61144 1616 1616 1625 1625 198 174 240
1510 1546 1510 1546 1532 1532 1550 1550 165 240 36
1505 1541 1505 1541 1562 1562 1580 1580 212 15 40
61458 61383 61458 61383 1622 1622 1648 1648 189 28 136
61438 61411 61438 61411 1608 1608 1617 1617 244 165 62
Current Objects
End Step
SimulationStep: 83
Current Pedestrians
60027 1562 false
28133 1642 false
52587 1620 false
35364 1536 false
15228 1599 false
48666 1526 false
22248 1525 false
5833 1590 false
33021 1605 false
11554 1547 false
59912 1620 false
5343 1538 false
58583 1620 false
26804 1650 false
32435 1523 false
2053 1650 false
Current Vehicles
31577 31604 31577 31604 1571 1571 1580 1580 161 7 102
58976 58940 58976 58940 1615 1615 1633 1633 33 168 133
49417 49390 49417 49390 1586 1586 1595 1595 183 180 155
13990 14030 13990 14030 1561 1561 1582 1582 46 113 112
30700 30727 30700 30727 1563 1563 1572 1572 237 53 56
59352 59316 59352 59316 1585 1585 1603 1603 117 138 162
59239 59203 59239 59203 1630 1630 1648 1648 81 222 16
15587 15662 15587 15662 1555 1555 1581 1581 90 30 98
27061 27088 27061 27088 1571 1571 1580 1580 24 16 141
50667 50640 50667 50640 1586 1586 1595 1595 140 255 122
59854 59818 59854 59818 1592 1592 1610 1610 25 31 75
12157 12197 12157 12197 1546 1546 1567 1567 158 131 134
50615 50588 50615 50588 1586 1586 1595 1595 215 172 101
2881 2917 2881 2917 1562 1562 1580 1580 202 106 193
3458 3494 3458 3494 1562 1562 1580 1580 236 99 3
59563 59534 59563 59534 1608 1608 1616 1616 24 95 148
50439 50412 50439 50412 1586 1586 1595 1595 85 19 47
60052 60016 60052 60016 1607 1607 1625 1625 22 249 45
58940 58900 58940 58900 1583 1583 1604 1604 8 19 80
4795 4835 4795 4835 1538 1538 1559 1559 128 230 77
59381 59352 59381 59352 1631 1631 1639 1639 117 250 78
5573 5612 5573 5612 1553 1553 1574 1574 65 123 30
2481 2517 2481 2517 1562 1562 1580 1580 208 74 81
57744 57717 57744 57717 1586 1586 1595 1595 159 180 214
2601 2637 2601 2637 1562 1562 1580 1580 168 214 138
59017 58990 59017 58990 1593 1593 1602 1602 206 166 88
2425 2461 2425 2461 1540 1540 1558 1558 91 106 199
60442 60406 60442 60406 1622 1622 1640 1640 152 7 223
56292 56265 56292 56265 1586 1586 1595 1595 146 9 139
2396 2432 2396 2432 1562 1562 1580 1580 40 204 106
2391 2427 2391 2427 1510 1510 1528 1528 208 93 191
59041 59001 59041 59001 1583 1583 1604 1604 60 36 147
2128 2155 2128 2155 1563 1563 1572 1572 222 15 127
2026 2066 2026 2066 1561 1561 1582 1582 67 229 37
60995 60966 60995 60966 1601 1601 1609 1609 151 72 225
59680 59653 59680 59653 1631 1631 1640 1640 167 110 2
2147 2174 2147 2174 1556 1556 1565 1565 182 191 64
1992 2028 1992 2028 1510 1510 1528 1528 47 111 119
61041 61005 61041 61005 1630 1630 1648 1648 105 25 76
2052 2079 2052 2079 1548 1548 1557 1557 194 211 120
59710 59683 59710 59683 1631 1631 1640 1640 208 133 248
59547 59520 59547 59520 1631 1631 1640 1640 140 102 167
2006 2046 2006 2046 1538 1538 1559 1559 27 138 238
1934 1974 1934 1974 1546 1546 1567 1567 50 151 120
61149 61110 61149 61110 1583 1583 1604 1604 11 238 156
1781 1820 1781 1820 1561 1561 1582 1582 124 52 221
1670 1706 1670 1706 1510 1510 1528 1528 152 84 33
1590 1617 1590 1617 1518 1518 1527 1527 156 76 101
60993 60966 60993 60966 1616 1615 1625 1624 198 174 240
1519 1555 1519 1555 1532 1532 1550 1550 165 240 36
1510 1546 1510 1546 1562 1562 1580 1580 212 15 40
61394 61319 61394 61319 1622 1622 1648 1648 189 28 136
61374 61347 61374 61347 1608 1608 1617 1617 244 165 62
Current Objects
End Step
SimulationStep: 84
Current Pedestrians
60027 1562 false
28133 1644 false
52587 1620 false
35364 1537 false
15228 1601 false
48666 1526 false
22248 1526 false
5833 1575 false
33021 1605 false
11554 1550 false
59912 1620 false
5343 1541 false
58583 1620 false
26804 1650 false
32435 1525 false
2053 1650 false
Current Vehicles
31765 31792 31765 31792 1571 1571 1580 1580 161 7 102
58942 58906 58942 58906 1615 1615 1633 1633 33 168 133
49417 49390 49417 49390 1586 1586 1595 1595 183 180 155
14157 14197 14157 14197 1561 1561 1582 1582 46 113 112
30973 31000 30973 31000 1571 1571 1580 1580 237 53 56
59319 59283 59319 59283 1585 1585 1603 1603 117 138 162
59239 59203 59239 59203 1622 1622 1640 1640 81 222 16
15587 15662 15587 15662 1555 1555 1581 1581 90 30 98
27477 27504 27477 27504 1571 1571 1580 1580 24 16 141
50667 50640 50667 50640 1586 1586 1595 1595 140 255 122
59821 59785 59821 59785 1592 1592 1610 1610 25 31 75
12324 12363 12324 12363 1546 1546 1567 1567 158 131 134
50615 50588 50615 50588 1586 1586 1595 1595 215 172 101
2915 2951 2915 2951 1562 1562 1580 1580 202 106 193
3491 3527 3491 3527 1562 1562 1580 1580 236 99 3
59520 59491 59520 59491 1608 1608 1616 1616 24 95 148
50439 50412 50439 50412 1586 1586 1595 1595 85 19 47
60019 59983 60019 59983 1607 1607 1625 1625 22 249 45
58940 58900 58940 58900 1583 1583 1604 1604 8 19 80
4960 5000 4960 5000 1538 1538 1559 1559 128 230 77
59335 59306 59335 59306 1631 1631 1639 1639 117 250 78
5739 5779 5739 5779 1553 1553 1574 1574 65 123 30
2490 2526 2490 2526 1562 1562 1580 1580 208 74 81
57437 57410 57437 57410 1586 1586 1595 1595 159 180 214
2629 2665 2629 2665 1562 1562 1580 1580 168 214 138
59017 58990 59017 58990 1593 1593 1602 1602 206 166 88
2425 2461 2425 2461 1540 1540 1558 1558 91 106 199
60409 60373 60409 60373 1622 1622 1640 1640 152 7 223
55908 55881 55908 55881 1586 1586 1595 1595 146 9 139
2411 2447 2411 2447 1562 1562 1580 1580 40 204 106
2425 2461 2425 2461 1510 1510 1528 1528 208 93 191
59041 59001 59041 59001 1583 1583 1604 1604 60 36 147
2141 2168 2141 2168 1563 1563 1572 1572 222 15 127
2033 2073 2033 2073 1561 1561 1582 1582 67 229 37
60944 60916 60944 60916 1601 1601 1609 1609 151 72 225
59621 59594 59621 59594 1631 1631 1640 1640 167 110 2
2147 2174 2147 2174 1556 1556 1565 1565 182 191 64
2025 2061 2025 2061 1510 1510 1528 1528 47 111 119
61008 60972 61008 60972 1630 1630 1648 1648 105 25 76
2052 2079 2052 2079 1548 1548 1557 1557 194 211 120
59702 59675 59702 59675 1623 1623 1632 1632 208 133 248
59547 59520 59547 59520 1631 1631 1640 1640 140 102 167
2006 2046 2006 2046 1538 1538 1559 1559 27 138 238
1951 1991 1951 1991 1546 1546 1567 1567 50 151 120
61114 61075 61114 61075 1606 1606 1627 1627 11 238 156
1832 1872 1832 1872 1561 1561 1582 1582 124 52 221
1700 1736 1700 1736 1510 1510 1528 1528 152 84 33
1590 1617 1590 1617 1518 1518 1527 1527 156 76 101
60561 60534 60561 60534 1608 1608 1617 1617 198 174 240
1531 1567 1531 1567 1532 1532 1550 1550 165 240 36
1519 1555 1519 1555 1562 1562 1580 1580 212 15 40
61325 61250 61325 61250 1622 1622 1648 1648 189 28 136
61130 61103 61130 61103 1586 1586 1595 1595 244 165 62
Current Objects
End Step
SimulationStep: 85
Current Pedestrians
60027 1563 false
28133 1646 false
52587 1620 false
35364 1538 false
15228 1604 false
48666 1527 false
22248 1526 false
5833 1575 false
33021 1590 false
11554 1552 false
59912 1605 false
5343 1543 false
58583 1620 false
26804 1650 false
32435 1527 false
2053 1650 false
Current Vehicles
31993 32020 31993 32020 1571 1571 1580 1580 161 7 102
58909 58873 58909 58873 1615 1615 1633 1633 33 168 133
49417 49390 49417 49390 1586 1586 1595 1595 183 180 155
14324 14363 14324 14363 1561 1561 1582 1582 46 113 112
31172 31199 31172 31199 1571 1571 1580 1580 237 53 56
59285 59249 59285 59249 1585 1585 1603 1603 117 138 162
59205 59169 59205 59169 1615 1615 1633 1633 81 222 16
15587 15662 15587 15662 1555 1555 1581 1581 90 30 98
27894 27921 27894 27921 1571 1571 1580 1580 24 16 141
50667 50640 50667 50640 1586 1586 1595 1595 140 255 122
59788 59752 59788 59752 1592 1592 1610 1610 25 31 75
12490 12530 12490 12530 1546 1546 1567 1567 158 131 134
50615 50588 50615 50588 1586 1586 1595 1595 215 172 101
2948 2984 2948 2984 1562 1562 1580 1580 202 106 193
3525 3561 3525 3561 1562 1562 1580 1580 236 99 3
59472 59444 59472 59444 1608 1608 1616 1616 24 95 148
50439 50412 50439 50412 1586 1586 1595 1595 85 19 47
59986 59950 59986 59950 1607 1607 1625 1625 22 249 45
58940 58900 58940 58900 1583 1583 1604 1604 8 19 80
4960 5000 4960 5000 1546 1546 1567 1567 128 230 77
59307 59278 59307 59278 1631 1631 1639 1639 117 250 78
5905 5945 5905 5945 1553 1553 1574 1574 65 123 30
2503 2539 2503 2539 1562 1562 1580 1580 208 74 81
57106 57079 57106 57079 1586 1586 1595 1595 159 180 214
2659 2695 2659 2695 1562 1562 1580 1580 168 214 138
59017 58990 59017 58990 1593 1593 1602 1602 206 166 88
2425 2461 2425 2461 1540 1540 1558 1558 91 106 199
60375 60339 60375 60339 1622 1622 1640 1640 152 7 223
55516 55489 55516 55489 1586 1586 1595 1595 146 9 139
2428 2464 2428 2464 1562 1562 1580 1580 40 204 106
2425 2461 2425 2461 1517 1517 1535 1535 208 93 191
59041 59001 59041 59001 1583 1583 1604 1604 60 36 147
2178 2205 2178 2205 1563 1563 1572 1572 222 15 127
2049 2089 2049 2089 1561 1561 1582 1582 67 229 37
60943 60915 60943 60915 1593 1593 1601 1601 151 72 225
59533 59506 59533 59506 1631 1631 1640 1640 167 110 2
2147 2174 2147 2174 1556 1556 1565 1565 182 191 64
2058 2094 2058 2094 1510 1510 1528 1528 47 111 119
60975 60939 60975 60939 1630 1630 1648 1648 105 25 76
2052 2079 2052 2079 1548 1548 1557 1557 194 211 120
59673 59646 59673 59646 1623 1623 1632 1632 208 133 248
59547 59520 59547 59520 1631 1631 1640 1640 140 102 167
2006 2046 2006 2046 1538 1538 1559 1559 27 138 238
1951 1991 1951 1991 1553 1553 1574 1574 50 151 120
61077 61037 61077 61037 1606 1606 1627 1627 11 238 156
1866 1906 1866 1906 1561 1561 1582 1582 124 52 221
1731 1767 1731 1767 1510 1510 1528 1528 152 84 33
1590 1617 1590 1617 1518 1518 1527 1527 156 76 101
60139 60112 60139 60112 1593 1593 1602 1602 198 174 240
1548 1584 1548 1584 1532 1532 1550 1550 165 240 36
1531 1567 1531 1567 1562 1562 1580 1580 212 15 40
61157 61082 61157 61082 1592 1592 1618 1618 189 28 136
60946 60919 60946 60919 1608 1608 1617 1617 244 165 62
Current Objects
End Step
SimulationStep: 86
Current Pedestrians
60027 1564 false
28133 1649 false
52587 1620 false
35364 1538 false
15228 1606 false
48666 1528 false
22248 1527 false
5833 1575 false
33021 1590 false
11554 1554 false
59912 1605 false
5343 1545 false
58583 1620 false
26804 1650 false
32435 1529 false
2053 1650 false
Current Vehicles
32257 32284 32257 32284 1571 1571 1580 1580 161 7 102
58909 58873 58909 58873 1607 1607 1625 1625 33 168 133
49417 49390 49417 49390 1586 1586 1595 1595 183 180 155
14324 14363 14324 14363 1561 1561 1582 1582 46 113 112
31302 31329 31302 31329 1571 1571 1580 1580 237 53 56
59252 59216 59252 59216 1585 1585 1603 1603 117 138 162
59172 59136 59172 59136 1615 1615 1633 1633 81 222 16
15587 15662 15587 15662 1555 1555 1581 1581 90 30 98
28311 28338 28311 28338 1571 1571 1580 1580 24 16 141
50667 50640 50667 50640 1586 1586 1595 1595 140 255 122
59755 59719 59755 59719 1592 1592 1610 1610 25 31 75
12657 12697 12657 12697 1546 1546 1567 1567 158 131 134
50615 50588 50615 50588 1586 1586 1595 1595 215 172 101
2981 3017 2981 3017 1562 1562 1580 1580 202 106 193
3558 3594 3558 3594 1562 1562 1580 1580 236 99 3
59422 59393 59422 59393 1608 1608 1616 1616 24 95 148
50439 50412 50439 50412 1586 1586 1595 1595 85 19 47
59966 59930 59966 59930 1592 1592 1610 1610 22 249 45
58940 58900 58940 58900 1583 1583 1604 1604 8 19 80
5126 5166 5126 5166 1553 1553 1574 1574 128 230 77
59295 59267 59295 59267 1631 1631 1639 1639 117 250 78
6072 6112 6072 6112 1553 1553 1574 1574 65 123 30
2519 2555 2519 2555 1562 1562 1580 1580 208 74 81
56756 56729 56756 56729 1586 1586 1595 1595 159 180 214
2689 2725 2689 2725 1562 1562 1580 1580 168 214 138
59017 58990 59017 58990 1593 1593 1602 1602 206 166 88
2425 2461 2425 2461 1540 1540 1558 1558 91 106 199
60342 60306 60342 60306 1622 1622 1640 1640 152 7 223
55118 55091 55118 55091 1586 1586 1595 1595 146 9 139
2449 2485 2449 2485 1562 1562 1580 1580 40 204 106
2425 2461 2425 2461 1517 1517 1535 1535 208 93 191
59041 59001 59041 59001 1583 1583 1604 1604 60 36 147
2247 2274 2247 2274 1556 1556 1565 1565 222 15 127
2078 2118 2078 2118 1561 1561 1582 1582 67 229 37
60943 60915 60943 60915 1593 1593 1601 1601 151 72 225
59533 59506 59533 59506 1631 1631 1640 1640 167 110 2
2206 2233 2206 2233 1563 1563 1572 1572 182 191 64
2092 2128 2092 2128 1510 1510 1528 1528 47 111 119
60942 60906 60942 60906 1630 1630 1648 1648 105 25 76
2052 2079 2052 2079 1548 1548 1557 1557 194 211 120
59614 59587 59614 59587 1623 1623 1632 1632 208 133 248
59547 59520 59547 59520 1631 1631 1640 1640 140 102 167
2009 2049 2009 2049 1538 1538 1559 1559 27 138 238
1954 1994 1954 1994 1553 1553 1574 1574 50 151 120
61073 61034 61073 61034 1613 1613 1634 1634 11 238 156
1894 1934 1894 1934 1561 1561 1582 1582 124 52 221
1763 1799 1763 1799 1510 1510 1528 1528 152 84 33
1598 1625 1598 1625 1518 1518 1527 1527 156 76 101
59971 59944 59971 59944 1623 1623 1632 1632 198 174 240
1567 1603 1567 1603 1532 1532 1550 1550 165 240 36
1548 1584 1548 1584 1562 1562 1580 1580 212 15 40
61148 61073 61148 61073 1585 1585 1611 1611 189 28 136
60833 60806 60833 60806 1608 1608 1617 1617 244 165 62
Current Objects
End Step
SimulationStep: 87
Current Pedestrians
60027 1565 false
28133 1651 false
52587 1620 false
35364 1539 false
15228 1608 false
48666 1529 false
22248 1528 false
5833 1575 false
33021 1590 false
11554 1556 false
59912 1605 false
5343 1547 false
58583 1605 false
26804 1650 false
32435 1532 false
2053 1650 false
Current Vehicles
32551 32578 32551 32578 1571 1571 1580 1580 161 7 102
58909 58873 58909 58873 1607 1607 1625 1625 33 168 133
49417 49390 49417 49390 1586 1586 1595 1595 183 180 155
14324 14363 14324 14363 1561 1561 1582 1582 46 113 112
31369 31396 31369 31396 1571 1571 1580 1580 237 53 56
59219 59183 59219 59183 1585 1585 1603 1603 117 138 162
59139 59103 59139 59103 1615 1615 1633 1633 81 222 16
15587 15662 15587 15662 1555 1555 1581 1581 90 30 98
28727 28754 28727 28754 1571 1571 1580 1580 24 16 141
50667 50640 50667 50640 1586 1586 1595 1595 140 255 122
59722 59686 59722 59686 1592 1592 1610 1610 25 31 75
12824 12863 12824 12863 1546 1546 1567 1567 158 131 134
50615 50588 50615 50588 1586 1586 1595 1595 215 172 101
3015 3051 3015 3051 1562 1562 1580 1580 202 106 193
3591 3627 3591 3627 1562 1562 1580 1580 236 99 3
59369 59340 59369 59340 1608 1608 1616 1616 24 95 148
50439 50412 50439 50412 1586 1586 1595 1595 85 19 47
59958 59922 59958 59922 1592 1592 1610 1610 22 249 45
58940 58900 58940 58900 1583 1583 1604 1604 8 19 80
5292 5331 5292 5331 1553 1553 1574 1574 128 230 77
59279 59251 59279 59251 1631 1631 1639 1639 117 250 78
6238 6278 6238 6278 1553 1553 1574 1574 65 123 30
2539 2575 2539 2575 1562 1562 1580 1580 208 74 81
56390 56363 56390 56363 1586 1586 1595 1595 159 180 214
2720 2756 2720 2756 1562 1562 1580 1580 168 214 138
59017 58990 59017 58990 1593 1593 1602 1602 206 166 88
2425 2461 2425 2461 1540 1540 1558 1558 91 106 199
60309 60273 60309 60273 1622 1622 1640 1640 152 7 223
54716 54689 54716 54689 1586 1586 1595 1595 146 9 139
2473 2509 2473 2509 1562 1562 1580 1580 40 204 106
2425 2461 2425 2461 1517 1517 1535 1535 208 93 191
59041 59001 59041 59001 1583 1583 1604 1604 60 36 147
2247 2274 2247 2274 1556 1556 1565 1565 222 15 127
2106 2146 2106 2146 1561 1561 1582 1582 67 229 37
60942 60913 60942 60913 1593 1593 1601 1601 151 72 225
59533 59506 59533 59506 1631 1631 1640 1640 167 110 2
2206 2233 2206 2233 1563 1563 1572 1572 182 191 64
2125 2161 2125 2161 1510 1510 1528 1528 47 111 119
60908 60872 60908 60872 1630 1630 1648 1648 105 25 76
2052 2079 2052 2079 1556 1556 1565 1565 194 211 120
59528 59501 59528 59501 1623 1623 1632 1632 208 133 248
59547 59520 59547 59520 1631 1631 1640 1640 140 102 167
2013 2052 2013 2052 1531 1531 1552 1552 27 138 238
1966 2006 1966 2006 1553 1553 1574 1574 50 151 120
61062 61022 61062 61022 1613 1613 1634 1634 11 238 156
1910 1949 1910 1949 1561 1561 1582 1582 124 52 221
1795 1831 1795 1831 1510 1510 1528 1528 152 84 33
1628 1655 1628 1655 1518 1518 1527 1527 156 76 101
59883 59856 59883 59856 1623 1623 1632 1632 198 174 240
1590 1626 1590 1626 1532 1532 1550 1550 165 240 36
1567 1603 1567 1603 1562 1562 1580 1580 212 15 40
61117 61042 61117 61042 1585 1585 1611 1611 189 28 136
60678 60651 60678 60651 1608 1608 1617 1617 244 165 62
61490 61463 61490 61463 1646 1646 1655 1655 130 246 10
61498 61462 61498 61462 1622 1622 1640 1640 40 198 42
Current Objects
End Step
SimulationStep: 88
Current Pedestrians
60027 1565 false
28133 1653 false
52587 1620 false
35364 1540 false
15228 1610 false
48666 1529 false
22248 1529 false
5833 1575 false
33021 1590 false
11554 1559 false
59912 1605 false
5343 1550 false
58583 1605 false
26804 1650 false
32435 1534 false
2053 1650 false
Current Vehicles
32551 32578 32551 32578 1571 1571 1580 1580 161 7 102
58909 58873 58909 58873 1607 1607 1625 1625 33 168 133
49417 49390 49417 49390 1586 1586 1595 1595 183 180 155
14324 14363 14324 14363 1561 1561 1582 1582 46 113 112
31509 31536 31509 31536 1568 1568 1577 1577 237 53 56
59186 59150 59186 59150 1585 1585 1603 1603 117 138 162
59105 59069 59105 59069 1615 1615 1633 1633 81 222 16
15587 15662 15587 15662 1555 1555 1581 1581 90 30 98
29144 29171 29144 29171 1571 1571 1580 1580 24 16 141
50667 50640 50667 50640 1586 1586 1595 1595 140 255 122
59689 59653 59689 59653 1592 1592 1610 1610 25 31 75
12990 13030 12990 13030 1546 1546 1567 1567 158 131 134
50615 50588 50615 50588 1586 1586 1595 1595 215 172 101
3048 3084 3048 3084 1562 1562 1580 1580 202 106 193
3625 3661 3625 3661 1562 1562 1580 1580 236 99 3
59313 59285 59313 59285 1608 1608 1616 1616 24 95 148
50439 50412 50439 50412 1586 1586 1595 1595 85 19 47
59953 59917 59953 59917 1585 1585 1603 1603 22 249 45
58940 58900 58940 58900 1583 1583 1604 1604 8 19 80
5458 5498 5458 5498 1553 1553 1574 1574 128 230 77
59258 59230 59258 59230 1631 1631 1639 1639 117 250 78
6405 6445 6405 6445 1553 1553 1574 1574 65 123 30
2561 2597 2561 2597 1562 1562 1580 1580 208 74 81
56014 55987 56014 55987 1586 1586 1595 1595 159 180 214
2752 2788 2752 2788 1562 1562 1580 1580 168 214 138
59017 58990 59017 58990 1593 1593 1602 1602 206 166 88
2425 2461 2425 2461 1540 1540 1558 1558 91 106 199
60275 60239 60275 60239 1622 1622 1640 1640 152 7 223
54309 54282 54309 54282 1586 1586 1595 1595 146 9 139
2473 2509 2473 2509 1562 1562 1580 1580 40 204 106
2425 2461 2425 2461 1517 1517 1535 1535 208 93 191
59041 59001 59041 59001 1583 1583 1604 1604 60 36 147
2247 2274 2247 2274 1556 1556 1565 1565 222 15 127
2133 2173 2133 2173 1561 1561 1582 1582 67 229 37
60937 60909 60937 60909 1593 1593 1601 1601 151 72 225
59533 59506 59533 59506 1631 1631 1640 1640 167 110 2
2214 2241 2214 2241 1563 1563 1572 1572 182 191 64
2158 2194 2158 2194 1510 1510 1528 1528 47 111 119
60875 60839 60875 60839 1630 1630 1648 1648 105 25 76
2052 2079 2052 2079 1556 1556 1565 1565 194 211 120
59419 59392 59419 59392 1631 1631 1640 1640 208 133 248
59547 59520 59547 59520 1623 1623 1632 1632 140 102 167
2024 2064 2024 2064 1531 1531 1552 1552 27 138 238
1989 2029 1989 2029 1553 1553 1574 1574 50 151 120
61038 60999 61038 60999 1613 1613 1634 1634 11 238 156
1913 1953 1913 1953 1553 1553 1574 1574 124 52 221
1827 1863 1827 1863 1510 1510 1528 1528 152 84 33
1659 1686 1659 1686 1518 1518 1527 1527 156 76 101
59761 59734 59761 59734 1623 1623 1632 1632 198 174 240
1615 1651 1615 1651 1532 1532 1550 1550 165 240 36
1590 1626 1590 1626 1562 1562 1580 1580 212 15 40
61067 60992 61067 60992 1585 1585 1611 1611 189 28 136
60482 60455 60482 60455 1608 1608 1617 1617 244 165 62
61461 61434 61461 61434 1646 1646 1655 1655 130 246 10
61495 61459 61495 61459 1622 1622 1640 1640 40 198 42
61497 61469 61497 61469 1608 1608 1616 1616 144 213 97
Current Objects
End Step
SimulationStep: 89
Current Pedestrians
60027 1566 false
28133 1655 false
52587 1620 false
35364 1541 false
15228 1613 false
48666 1530 false
22248 1529 false
5833 1575 false
33021 1590 false
11554 1561 false
59912 1605 false
5343 1552 false
58583 1605 false
26804 1650 false
32435 1536 false
2053 1650 false
Current Vehicles
32551 32578 32551 32578 1571 1571 1580 1580 161 7 102
58909 58873 58909 58873 1607 1607 1625 1625 33 168 133
49417 49390 49417 49390 1586 1586 1595 1595 183 180 155
14324 14363 14324 14363 1561 1561 1582 1582 46 113 112
31577 31604 31577 31604 1571 1571 1580 1580 237 53 56
59152 59116 59152 59116 1585 1585 1603 1603 117 138 162
59072 59036 59072 59036 1615 1615 1633 1633 81 222 16
15587 15662 15587 15662 1555 1555 1581 1581 90 30 98
29561 29588 29561 29588 1571 1571 1580 1580 24 16 141
50667 50640 50667 50640 1586 1586 1595 1595 140 255 122
59655 59619 59655 59619 1592 1592 1610 1610 25 31 75
13157 13197 13157 13197 1546 1546 1567 1567 158 131 134
50615 50588 50615 50588 1586 1586 1595 1595 215 172 101
3081 3117 3081 3117 1562 1562 1580 1580 202 106 193
3658 3694 3658 3694 1562 1562 1580 1580 236 99 3
59256 59227 59256 59227 1608 1608 1616 1616 24 95 148
50439 50412 50439 50412 1586 1586 1595 1595 85 19 47
59950 59914 59950 59914 1585 1585 1603 1603 22 249 45
58940 58900 58940 58900 1583 1583 1604 1604 8 19 80
5624 5664 5624 5664 1553 1553 1574 1574 128 230 77
59231 59202 59231 59202 1623 1623 1631 1631 117 250 78
6572 6611 6572 6611 1553 1553 1574 1574 65 123 30
2586 2622 2586 2622 1562 1562 1580 1580 208 74 81
55634 55607 55634 55607 1586 1586 1595 1595 159 180 214
2785 2821 2785 2821 1562 1562 1580 1580 168 214 138
59017 58990 59017 58990 1593 1593 1602 1602 206 166 88
2425 2461 2425 2461 1540 1540 1558 1558 91 106 199
60242 60206 60242 60206 1622 1622 1640 1640 152 7 223
53901 53874 53901 53874 1586 1586 1595 1595 146 9 139
2474 2510 2474 2510 1562 1562 1580 1580 40 204 106
2425 2461 2425 2461 1517 1517 1535 1535 208 93 191
59041 59001 59041 59001 1583 1583 1604 1604 60 36 147
2247 2274 2247 2274 1556 1556 1565 1565 222 15 127
2136 2176 2136 2176 1553 1553 1574 1574 67 229 37
60929 60900 60929 60900 1593 1593 1601 1601 151 72 225
59533 59506 59533 59506 1631 1631 1640 1640 167 110 2
2240 2267 2240 2267 1563 1563 1572 1572 182 191 64
2191 2227 2191 2227 1510 1510 1528 1528 47 111 119
60842 60806 60842 60806 1630 1630 1648 1648 105 25 76
2052 2079 2052 2079 1556 1556 1565 1565 194 211 120
59419 59392 59419 59392 1631 1631 1640 1640 208 133 248
59539 59512 59539 59512 1623 1623 1632 1632 140 102 167
2048 2087 2048 2087 1531 1531 1552 1552 27 138 238
2007 2047 2007 2047 1553 1553 1574 1574 50 151 120
61001 60961 61001 60961 1613 1613 1634 1634 11 238 156
1925 1964 1925 1964 1553 1553 1574 1574 124 52 221
1860 1896 1860 1896 1510 1510 1528 1528 152 84 33
1693 1720 1693 1720 1518 1518 1527 1527 156 76 101
59651 59624 59651 59624 1623 1623 1632 1632 198 174 240
1642 1678 1642 1678 1532 1532 1550 1550 165 240 36
1615 1651 1615 1651 1562 1562 1580 1580 212 15 40
61031 60956 61031 60956 1585 1585 1611 1611 189 28 136
60273 60246 60273 60246 1608 1608 1617 1617 244 165 62
61402 61375 61402 61375 1646 1646 1655 1655 130 246 10
61490 61454 61490 61454 1622 1622 1640 1640 40 198 42
61493 61464 61493 61464 1608 1608 1616 1616 144 213 97
Current Objects
End Step
SimulationStep: 90
Current Pedestrians
60027 1567 false
28133 1658 false
52587 1620 false
35364 1541 false
15228 1615 false
48666 1531 false
22248 1530 false
5833 1560 false
33021 1590 false
11554 1563 false
59912 1605 false
5343 1554 false
58583 1605 false
26804 1650 false
32435 1538 false
2053 1650 false
Current Vehicles
32551 32578 32551 32578 1571 1571 1580 1580 161 7 102
58909 58873 58909 58873 1607 1607 1625 1625 33 168 133
49417 49390 49417 49390 1586 1586 1595 1595 183 180 155
14324 14363 14324 14363 1561 1561 1582 1582 46 113 112
31765 31792 31765 31792 1571 1571 1580 1580 237 53 56
59119 59083 59119 59083 1585 1585 1603 1603 117 138 162
59039 59003 59039 59003 1615 1615 1633 1633 81 222 16
15587 15662 15587 15662 1555 1555 1581 1581 90 30 98
29977 30004 29977 30004 1571 1571 1580 1580 24 16 141
50667 50640 50667 50640 1586 1586 1595 1595 140 255 122
59622 59586 59622 59586 1592 1592 1610 1610 25 31 75
13324 13363 13324 13363 1546 1546 1567 1567 158 131 134
50615 50588 50615 50588 1586 1586 1595 1595 215 172 101
3115 3151 3115 3151 1562 1562 1580 1580 202 106 193
3691 3727 3691 3727 1562 1562 1580 1580 236 99 3
59216 59187 59216 59187 1608 1608 1616 1616 24 95 148
50439 50412 50439 50412 1586 1586 1595 1595 85 19 47
59944 59908 59944 59908 1585 1585 1603 1603 22 249 45
58940 58900 58940 58900 1583 1583 1604 1604 8 19 80
5805 5844 5805 5844 1546 1546 1567 1567 128 230 77
59209 59181 59209 59181 1623 1623 1631 1631 117 250 78
6738 6778 6738 6778 1553 1553 1574 1574 65 123 30
2614 2650 2614 2650 1562 1562 1580 1580 208 74 81
55249 55222 55249 55222 1586 1586 1595 1595 159 180 214
2817 2853 2817 2853 1562 1562 1580 1580 168 214 138
59017 58990 59017 58990 1593 1593 1602 1602 206 166 88
2425 2461 2425 2461 1540 1540 1558 1558 91 106 199
60209 60173 60209 60173 1622 1622 1640 1640 152 7 223
53490 53463 53490 53463 1586 1586 1595 1595 146 9 139
2476 2512 2476 2512 1562 1562 1580 1580 40 204 106
2425 2461 2425 2461 1517 1517 1535 1535 208 93 191
59041 59001 59041 59001 1583 1583 1604 1604 60 36 147
2247 2274 2247 2274 1556 1556 1565 1565 222 15 127
2148 2188 2148 2188 1553 1553 1574 1574 67 229 37
60914 60886 60914 60886 1593 1593 1601 1601 151 72 225
59533 59506 59533 59506 1631 1631 1640 1640 167 110 2
2290 2317 2290 2317 1556 1556 1565 1565 182 191 64
2225 2261 2225 2261 1510 1510 1528 1528 47 111 119
60809 60773 60809 60773 1630 1630 1648 1648 105 25 76
2052 2079 2052 2079 1556 1556 1565 1565 194 211 120
59419 59392 59419 59392 1631 1631 1640 1640 208 133 248
59509 59482 59509 59482 1623 1623 1632 1632 140 102 167
2085 2125 2085 2125 1531 1531 1552 1552 27 138 238
2007 2047 2007 2047 1561 1561 1582 1582 50 151 120
61001 60961 61001 60961 1613 1613 1634 1634 11 238 156
1948 1988 1948 1988 1553 1553 1574 1574 124 52 221
1893 1929 1893 1929 1510 1510 1528 1528 152 84 33
1758 1785 1758 1785 1518 1518 1527 1527 156 76 101
59575 59548 59575 59548 1623 1623 1632 1632 198 174 240
1670 1706 1670 1706 1532 1532 1550 1550 165 240 36
1642 1678 1642 1678 1562 1562 1580 1580 212 15 40
61013 60938 61013 60938 1585 1585 1611 1611 189 28 136
59955 59928 59955 59928 1616 1616 1625 1625 244 165 62
61306 61279 61306 61279 1646 1646 1655 1655 130 246 10
61481 61445 61481 61445 1622 1622 1640 1640 40 198 42
61484 61455 61484 61455 1608 1608 1616 1616 144 213 97
1502 1538 1502 1538 1510 1510 1528 1528 37 72 125
Current Objects
End Step
SimulationStep: 91
Current Pedestrians
60027 1568 false
28133 1660 false
52587 1620 false
35364 1542 false
15228 1617 false
48666 1532 false
22248 1531 false
5833 1560 false
33021 1590 false
11554 1565 false
59914 1605 false
5343 1556 false
58583 1605 false
26804 1650 false
32435 1541 false
2053 1650 false
Current Vehicles
32551 32578 32551 32578 1571 1571 1580 1580 161 7 102
58909 58873 58909 58873 1607 1607 1625 1625 33 168 133
49417 49390 49417 49390 1586 1586 1595 1595 183 180 155
14324 14363 14324 14363 1561 1561 1582 1582 46 113 112
31993 32020 31993 32020 1571 1571 1580 1580 237 53 56
59092 59056 59092 59056 1585 1585 1603 1603 117 138 162
59005 58969 59005 58969 1615 1615 1633 1633 81 222 16
15587 15662 15587 15662 1555 1555 1581 1581 90 30 98
30378 30405 30378 30405 1571 1571 1580 1580 24 16 141
50667 50640 50667 50640 1586 1586 1595 1595 140 255 122
59589 59553 59589 59553 1592 1592 1610 1610 25 31 75
13490 13530 13490 13530 1546 1546 1567 1567 158 131 134
50615 50588 50615 50588 1586 1586 1595 1595 215 172 101
3148 3184 3148 3184 1562 1562 1580 1580 202 106 193
3725 3761 3725 3761 1562 1562 1580 1580 236 99 3
59190 59162 59190 59162 1608 1608 1616 1616 24 95 148
50439 50412 50439 50412 1586 1586 1595 1595 85 19 47
59935 59899 59935 59899 1585 1585 1603 1603 22 249 45
58940 58900 58940 58900 1583 1583 1604 1604 8 19 80
5888 5928 5888 5928 1546 1546 1567 1567 128 230 77
59193 59165 59193 59165 1623 1623 1631 1631 117 250 78
6905 6944 6905 6944 1553 1553 1574 1574 65 123 30
2642 2678 2642 2678 1562 1562 1580 1580 208 74 81
54859 54832 54859 54832 1586 1586 1595 1595 159 180 214
2850 2886 2850 2886 1562 1562 1580 1580 168 214 138
59017 58990 59017 58990 1593 1593 1602 1602 206 166 88
2425 2461 2425 2461 1547 1547 1565 1565 91 106 199
60175 60139 60175 60139 1622 1622 1640 1640 152 7 223
53078 53051 53078 53051 1586 1586 1595 1595 146 9 139
2482 2518 2482 2518 1562 1562 1580 1580 40 204 106
2425 2461 2425 2461 1525 1525 1543 1543 208 93 191
59041 59001 59041 59001 1583 1583 1604 1604 60 36 147
2247 2274 2247 2274 1556 1556 1565 1565 222 15 127
2172 2211 2172 2211 1553 1553 1574 1574 67 229 37
60894 60865 60894 60865 1593 1593 1601 1601 151 72 225
59533 59506 59533 59506 1631 1631 1640 1640 167 110 2
2290 2317 2290 2317 1556 1556 1565 1565 182 191 64
2258 2294 2258 2294 1510 1510 1528 1528 47 111 119
60775 60739 60775 60739 1630 1630 1648 1648 105 25 76
2052 2079 2052 2079 1556 1556 1565 1565 194 211 120
59419 59392 59419 59392 1631 1631 1640 1640 208 133 248
59450 59423 59450 59423 1623 1623 1632 1632 140 102 167
2139 2179 2139 2179 1531 1531 1552 1552 27 138 238
2008 2048 2008 2048 1561 1561 1582 1582 50 151 120
60997 60958 60997 60958 1613 1613 1634 1634 11 238 156
1948 1988 1948 1988 1561 1561 1582 1582 124 52 221
1926 1962 1926 1962 1510 1510 1528 1528 152 84 33
1909 1936 1909 1936 1548 1548 1557 1557 156 76 101
59532 59505 59532 59505 1623 1623 1632 1632 198 174 240
1700 1736 1700 1736 1532 1532 1550 1550 165 240 36
1670 1706 1670 1706 1562 1562 1580 1580 212 15 40
61013 60938 61013 60938 1585 1585 1611 1611 189 28 136
59790 59763 59790 59763 1615 1616 1624 1625 244 165 62
61073 61046 61073 61046 1601 1601 1610 1610 130 246 10
61469 61433 61469 61433 1622 1622 1640 1640 40 198 42
61483 61454 61483 61454 1601 1601 1609 1609 144 213 97
1505 1541 1505 1541 1510 1510 1528 1528 37 72 125
1502 1538 1502 1538 1562 1562 1580 1580 80 239 124
Current Objects
End Step
SimulationStep: 92
Current Pedestrians
60027 1568 false
28133 1662 false
52587 1620 false
35364 1543 false
15228 1619 false
48666 1532 false
22248 1532 false
5833 1560 false
33021 1575 false
11554 1568 false
59916 1605 false
5343 1559 false
58583 1605 false
26804 1650 false
32435 1543 false
2053 1650 false
31818 1650 false
48193 1650 false
Current Vehicles
32551 32578 32551 32578 1571 1571 1580 1580 161 7 102
58909 58873 58909 58873 1607 1607 1625 1625 33 168 133
49417 49390 49417 49390 1586 1586 1595 1595 183 180 155
14324 14363 14324 14363 1561 1561 1582 1582 46 113 112
32257 32284 32257 32284 1571 1571 1580 1580 237 53 56
59091 59055 59091 59055 1592 1592 1610 1610 117 138 162
58972 58936 58972 58936 1615 1615 1633 1633 81 222 16
15587 15662 15587 15662 1555 1555 1581 1581 90 30 98
30725 30752 30725 30752 1571 1571 1580 1580 24 16 141
50667 50640 50667 50640 1586 1586 1595 1595 140 255 122
59556 59520 59556 59520 1592 1592 1610 1610 25 31 75
13657 13697 13657 13697 1546 1546 1567 1567 158 131 134
50615 50588 50615 50588 1586 1586 1595 1595 215 172 101
3181 3217 3181 3217 1562 1562 1580 1580 202 106 193
3758 3794 3758 3794 1562 1562 1580 1580 236 99 3
59159 59130 59159 59130 1608 1608 1616 1616 24 95 148
50439 50412 50439 50412 1586 1586 1595 1595 85 19 47
59922 59886 59922 59886 1585 1585 1603 1603 22 249 45
58940 58900 58940 58900 1583 1583 1604 1604 8 19 80
5987 6027 5987 6027 1546 1546 1567 1567 128 230 77
59171 59143 59171 59143 1623 1623 1631 1631 117 250 78
7071 7111 7071 7111 1553 1553 1574 1574 65 123 30
2672 2708 2672 2708 1562 1562 1580 1580 208 74 81
54464 54437 54464 54437 1586 1586 1595 1595 159 180 214
2883 2919 2883 2919 1562 1562 1580 1580 168 214 138
59017 58990 59017 58990 1593 1593 1602 1602 206 166 88
2425 2461 2425 2461 1555 1555 1573 1573 91 106 199
60142 60106 60142 60106 1622 1622 1640 1640 152 7 223
52664 52637 52664 52637 1586 1586 1595 1595 146 9 139
2491 2527 2491 2527 1562 1562 1580 1580 40 204 106
2425 2461 2425 2461 1532 1532 1550 1550 208 93 191
59041 59001 59041 59001 1583 1583 1604 1604 60 36 147
2247 2274 2247 2274 1556 1556 1565 1565 222 15 127
2209 2249 2209 2249 1553 1553 1574 1574 67 229 37
60867 60839 60867 60839 1593 1593 1601 1601 151 72 225
59533 59506 59533 59506 1631 1631 1640 1640 167 110 2
2290 2317 2290 2317 1556 1556 1565 1565 182 191 64
2291 2327 2291 2327 1510 1510 1528 1528 47 111 119
60742 60706 60742 60706 1630 1630 1648 1648 105 25 76
2052 2079 2052 2079 1556 1556 1565 1565 194 211 120
59419 59392 59419 59392 1631 1631 1640 1640 208 133 248
59395 59368 59395 59368 1623 1623 1632 1632 140 102 167
2209 2249 2209 2249 1531 1531 1552 1552 27 138 238
2008 2048 2008 2048 1561 1561 1582 1582 50 151 120
60986 60946 60986 60946 1613 1613 1634 1634 11 238 156
1951 1991 1951 1991 1561 1561 1582 1582 124 52 221
1959 1995 1959 1995 1510 1510 1528 1528 152 84 33
1979 2006 1979 2006 1548 1548 1557 1557 156 76 101
59503 59476 59503 59476 1623 1623 1632 1632 198 174 240
1731 1767 1731 1767 1532 1532 1550 1550 165 240 36
1700 1736 1700 1736 1562 1562 1580 1580 212 15 40
61013 60938 61013 60938 1585 1585 1611 1611 189 28 136
59654 59627 59654 59627 1616 1616 1625 1625 244 165 62
61051 61024 61051 61024 1601 1601 1610 1610 130 246 10
61452 61416 61452 61416 1622 1622 1640 1640 40 198 42
61478 61450 61478 61450 1601 1601 1609 1609 144 213 97
1510 1546 1510 1546 1510 1510 1528 1528 37 72 125
1505 1541 1505 1541 1562 1562 1580 1580 80 239 124
1505 1545 1505 1545 1531 1531 1552 1552 231 182 202
61490 61463 61490 61463 1646 1646 1655 1655 228 178 250
Current Objects
End Step
SimulationStep: 93
Current Pedestrians
60027 1569 false
28133 1664 false
52587 1620 false
35364 1544 false
15228 1622 false
48666 1533 false
22248 1532 false
5833 1560 false
33021 1575 false
11554 1570 false
59919 1605 false
5343 1561 false
58583 1590 false
26804 1635 false
32435 1545 false
2053 1650 false
31818 1650 false
48193 1650 false
Current Vehicles
32551 32578 32551 32578 1571 1571 1580 1580 161 7 102
58909 58873 58909 58873 1607 1607 1625 1625 33 168 133
49417 49390 49417 49390 1586 1586 1595 1595 183 180 155
14324 14363 14324 14363 1561 1561 1582 1582 46 113 112
32529 32556 32529 32556 1571 1571 1580 1580 237 53 56
59090 59054 59090 59054 1592 1592 1610 1610 117 138 162
58949 58913 58949 58913 1615 1615 1633 1633 81 222 16
15587 15662 15587 15662 1555 1555 1581 1581 90 30 98
30993 31020 30993 31020 1571 1571 1580 1580 24 16 141
50667 50640 50667 50640 1586 1586 1595 1595 140 255 122
59522 59486 59522 59486 1592 1592 1610 1610 25 31 75
13824 13863 13824 13863 1546 1546 1567 1567 158 131 134
50615 50588 50615 50588 1586 1586 1595 1595 215 172 101
3215 3251 3215 3251 1562 1562 1580 1580 202 106 193
3791 3827 3791 3827 1562 1562 1580 1580 236 99 3
59131 59103 59131 59103 1608 1608 1616 1616 24 95 148
50439 50412 50439 50412 1586 1586 1595 1595 85 19 47
59905 59869 59905 59869 1585 1585 1603 1603 22 249 45
58940 58900 58940 58900 1583 1583 1604 1604 8 19 80
6099 6139 6099 6139 1546 1546 1567 1567 128 230 77
59143 59115 59143 59115 1623 1623 1631 1631 117 250 78
7238 7278 7238 7278 1553 1553 1574 1574 65 123 30
2703 2739 2703 2739 1562 1562 1580 1580 208 74 81
54063 54036 54063 54036 1586 1586 1595 1595 159 180 214
2916 2952 2916 2952 1562 1562 1580 1580 168 214 138
59017 58990 59017 58990 1593 1593 1602 1602 206 166 88
2425 2461 2425 2461 1555 1555 1573 1573 91 106 199
60141 60105 60141 60105 1615 1615 1633 1633 152 7 223
52250 52223 52250 52223 1586 1586 1595 1595 146 9 139
2503 2539 2503 2539 1562 1562 1580 1580 40 204 106
2425 2461 2425 2461 1532 1532 1550 1550 208 93 191
59041 59001 59041 59001 1583 1583 1604 1604 60 36 147
2247 2274 2247 2274 1556 1556 1565 1565 222 15 127
2240 2279 2240 2279 1553 1553 1574 1574 67 229 37
60835 60806 60835 60806 1593 1593 1601 1601 151 72 225
59533 59506 59533 59506 1631 1631 1640 1640 167 110 2
2290 2317 2290 2317 1556 1556 1565 1565 182 191 64
2325 2361 2325 2361 1510 1510 1528 1528 47 111 119
60709 60673 60709 60673 1630 1630 1648 1648 105 25 76
2052 2079 2052 2079 1556 1556 1565 1565 194 211 120
59419 59392 59419 59392 1631 1631 1640 1640 208 133 248
59345 59318 59345 59318 1631 1630 1640 1639 140 102 167
2293 2333 2293 2333 1531 1531 1552 1552 27 138 238
2011 2050 2011 2050 1561 1561 1582 1582 50 151 120
60962 60923 60962 60923 1613 1613 1634 1634 11 238 156
1956 1996 1956 1996 1561 1561 1582 1582 124 52 221
1992 2028 1992 2028 1510 1510 1528 1528 152 84 33
2013 2040 2013 2040 1548 1548 1557 1557 156 76 101
59446 59419 59446 59419 1623 1623 1632 1632 198 174 240
1763 1799 1763 1799 1532 1532 1550 1550 165 240 36
1731 1767 1731 1767 1562 1562 1580 1580 212 15 40
61004 60929 61004 60929 1585 1585 1611 1611 189 28 136
59548 59521 59548 59521 1616 1616 1625 1625 244 165 62
61045 61018 61045 61018 1601 1601 1610 1610 130 246 10
61433 61397 61433 61397 1622 1622 1640 1640 40 198 42
61469 61441 61469 61441 1601 1601 1609 1609 144 213 97
1519 1555 1519 1555 1510 1510 1528 1528 37 72 125
1510 1546 1510 1546 1562 1562 1580 1580 80 239 124
1516 1556 1516 1556 1531 1531 1552 1552 231 182 202
61461 61434 61461 61434 1646 1646 1655 1655 228 178 250
Current Objects
End Step
SimulationStep: 94
Current Pedestrians
60027 1570 false
28133 1667 false
52587 1620 false
35364 1544 false
15228 1624 false
48666 1534 false
22248 1533 false
5833 1560 false
33021 1575 false
11554 1572 false
59919 1590 false
5343 1563 false
58583 1590 false
26804 1635 false
32435 1547 false
2053 1650 false
31818 1650 false
48193 1650 false
Current Vehicles
32551 32578 32551 32578 1571 1571 1580 1580 161 7 102
58909 58873 58909 58873 1607 1607 1625 1625 33 168 133
49417 49390 49417 49390 1586 1586 1595 1595 183 180 155
14324 14363 14324 14363 1561 1561 1582 1582 46 113 112
32529 32556 32529 32556 1571 1571 1580 1580 237 53 56
59089 59053 59089 59053 1592 1592 1610 1610 117 138 162
58948 58912 58948 58912 1622 1622 1640 1640 81 222 16
15587 15662 15587 15662 1555 1555 1581 1581 90 30 98
31188 31215 31188 31215 1571 1571 1580 1580 24 16 141
50667 50640 50667 50640 1586 1586 1595 1595 140 255 122
59489 59453 59489 59453 1592 1592 1610 1610 25 31 75
13990 14030 13990 14030 1546 1546 1567 1567 158 131 134
50615 50588 50615 50588 1586 1586 1595 1595 215 172 101
3248 3284 3248 3284 1562 1562 1580 1580 202 106 193
3824 3860 3824 3860 1562 1562 1580 1580 236 99 3
59131 59103 59131 59103 1608 1608 1616 1616 24 95 148
50439 50412 50439 50412 1586 1586 1595 1595 85 19 47
59885 59849 59885 59849 1585 1585 1603 1603 22 249 45
58940 58900 58940 58900 1583 1583 1604 1604 8 19 80
6223 6263 6223 6263 1546 1546 1567 1567 128 230 77
59109 59081 59109 59081 1623 1623 1631 1631 117 250 78
7405 7444 7405 7444 1553 1553 1574 1574 65 123 30
2735 2771 2735 2771 1562 1562 1580 1580 208 74 81
53659 53632 53659 53632 1586 1585 1595 1594 159 180 214
2949 2985 2949 2985 1562 1562 1580 1580 168 214 138
59017 58990 59017 58990 1593 1593 1602 1602 206 166 88
2425 2461 2425 2461 1555 1555 1573 1573 91 106 199
60139 60103 60139 60103 1615 1615 1633 1633 152 7 223
51835 51808 51835 51808 1586 1586 1595 1595 146 9 139
2519 2555 2519 2555 1562 1562 1580 1580 40 204 106
2425 2461 2425 2461 1532 1532 1550 1550 208 93 191
59041 59001 59041 59001 1583 1583 1604 1604 60 36 147
2247 2274 2247 2274 1556 1556 1565 1565 222 15 127
2257 2297 2257 2297 1553 1553 1574 1574 67 229 37
60796 60768 60796 60768 1593 1593 1601 1601 151 72 225
59533 59506 59533 59506 1631 1631 1640 1640 167 110 2
2290 2317 2290 2317 1556 1556 1565 1565 182 191 64
2358 2394 2358 2394 1510 1510 1528 1528 47 111 119
60675 60639 60675 60639 1630 1630 1648 1648 105 25 76
2052 2079 2052 2079 1556 1556 1565 1565 194 211 120
59419 59392 59419 59392 1631 1631 1640 1640 208 133 248
59345 59318 59345 59318 1631 1630 1640 1639 140 102 167
2293 2333 2293 2333 1531 1531 1552 1552 27 138 238
2011 2050 2011 2050 1561 1561 1582 1582 50 151 120
60925 60885 60925 60885 1613 1613 1634 1634 11 238 156
1958 1998 1958 1998 1561 1561 1582 1582 124 52 221
2025 2061 2025 2061 1510 1510 1528 1528 152 84 33
2013 2040 2013 2040 1548 1548 1557 1557 156 76 101
59384 59357 59384 59357 1623 1623 1632 1632 198 174 240
1795 1831 1795 1831 1532 1532 1550 1550 165 240 36
1763 1799 1763 1799 1562 1562 1580 1580 212 15 40
60973 60898 60973 60898 1585 1585 1611 1611 189 28 136
59461 59434 59461 59434 1616 1616 1625 1625 244 165 62
61039 61012 61039 61012 1601 1601 1610 1610 130 246 10
61410 61374 61410 61374 1622 1622 1640 1640 40 198 42
61455 61427 61455 61427 1601 1601 1609 1609 144 213 97
1531 1567 1531 1567 1510 1510 1528 1528 37 72 125
1519 1555 1519 1555 1562 1562 1580 1580 80 239 124
1540 1580 1540 1580 1531 1531 1552 1552 231 182 202
61402 61375 61402 61375 1646 1646 1655 1655 228 178 250
Current Objects
End Step
SimulationStep: 95
Current Pedestrians
60027 1570 false
28133 1667 false
52587 1605 false
35364 1545 false
15228 1626 false
48666 1535 false
22248 1534 false
5833 1560 false
33021 1575 false
11554 1574 false
59919 1590 false
5343 1565 false
58583 1590 false
26804 1635 false
32435 1550 false
2053 1650 false
31818 1650 false
48193 1650 false
Current Vehicles
32551 32578 32551 32578 1571 1571 1580 1580 161 7 102
58909 58873 58909 58873 1607 1607 1625 1625 33 168 133
49417 49390 49417 49390 1586 1586 1595 1595 183 180 155
14324 14363 14324 14363 1561 1561 1582 1582 46 113 112
32529 32556 32529 32556 1571 1571 1580 1580 237 53 56
59086 59050 59086 59050 1592 1592 1610 1610 117 138 162
58947 58911 58947 58911 1630 1630 1648 1648 81 222 16
15998 16073 15998 16073 1555 1555 1581 1581 90 30 98
31313 31340 31313 31340 1571 1571 1580 1580 24 16 141
50667 50640 50667 50640 1586 1586 1595 1595 140 255 122
59456 59420 59456 59420 1592 1592 1610 1610 25 31 75
14157 14197 14157 14197 1546 1546 1567 1567 158 131 134
50615 50588 50615 50588 1586 1586 1595 1595 215 172 101
3281 3317 3281 3317 1562 1562 1580 1580 202 106 193
3858 3894 3858 3894 1562 1562 1580 1580 236 99 3
59131 59102 59131 59102 1608 1608 1616 1616 24 95 148
50439 50412 50439 50412 1586 1586 1595 1595 85 19 47
59862 59826 59862 59826 1585 1585 1603 1603 22 249 45
58940 58900 58940 58900 1583 1583 1604 1604 8 19 80
6356 6395 6356 6395 1546 1546 1567 1567 128 230 77
59070 59042 59070 59042 1623 1623 1631 1631 117 250 78
7571 7611 7571 7611 1553 1553 1574 1574 65 123 30
2767 2803 2767 2803 1562 1562 1580 1580 208 74 81
53251 53224 53251 53224 1586 1586 1595 1595 159 180 214
2982 3018 2982 3018 1562 1562 1580 1580 168 214 138
59017 58990 59017 58990 1593 1593 1602 1602 206 166 88
2458 2494 2458 2494 1562 1562 1580 1580 91 106 199
60133 60097 60133 60097 1615 1615 1633 1633 152 7 223
51420 51393 51420 51393 1586 1586 1595 1595 146 9 139
2539 2575 2539 2575 1562 1562 1580 1580 40 204 106
2425 2461 2425 2461 1540 1540 1558 1558 208 93 191
59041 59001 59041 59001 1583 1583 1604 1604 60 36 147
2247 2274 2247 2274 1556 1556 1565 1565 222 15 127
2281 2321 2281 2321 1553 1553 1574 1574 67 229 37
60753 60725 60753 60725 1593 1593 1601 1601 151 72 225
59471 59444 59471 59444 1623 1623 1632 1632 167 110 2
2290 2317 2290 2317 1556 1556 1565 1565 182 191 64
2391 2427 2391 2427 1510 1510 1528 1528 47 111 119
60642 60606 60642 60606 1630 1630 1648 1648 105 25 76
2052 2079 2052 2079 1556 1556 1565 1565 194 211 120
59419 59392 59419 59392 1631 1631 1640 1640 208 133 248
59345 59318 59345 59318 1631 1630 1640 1639 140 102 167
2293 2333 2293 2333 1531 1531 1552 1552 27 138 238
2011 2050 2011 2050 1561 1561 1582 1582 50 151 120
60871 60831 60871 60831 1613 1613 1634 1634 11 238 156
1964 2003 1964 2003 1561 1561 1582 1582 124 52 221
2058 2094 2058 2094 1510 1510 1528 1528 152 84 33
2015 2042 2015 2042 1548 1548 1557 1557 156 76 101
59359 59332 59359 59332 1623 1623 1632 1632 198 174 240
1827 1863 1827 1863 1532 1532 1550 1550 165 240 36
1795 1831 1795 1831 1562 1562 1580 1580 212 15 40
60973 60898 60973 60898 1585 1585 1611 1611 189 28 136
59411 59384 59411 59384 1616 1616 1625 1625 244 165 62
61023 60996 61023 60996 1601 1601 1610 1610 130 246 10
61385 61349 61385 61349 1622 1622 1640 1640 40 198 42
61435 61406 61435 61406 1601 1601 1609 1609 144 213 97
1548 1584 1548 1584 1510 1510 1528 1528 37 72 125
1531 1567 1531 1567 1562 1562 1580 1580 80 239 124
1578 1617 1578 1617 1531 1531 1552 1552 231 182 202
61306 61279 61306 61279 1646 1646 1655 1655 228 178 250
Current Objects
End Step
SimulationStep: 96
Current Pedestrians
60027 1571 false
52587 1605 false
35364 1546 false
15228 1628 false
48666 1535 false
22248 1535 false
5833 1560 false
33021 1575 false
11554 1577 false
59919 1590 false
5343 1568 false
58583 1590 false
26804 1635 false
32435 1552 false
2053 1650 false
31818 1650 false
48193 1650 false
Current Vehicles
32551 32578 32551 32578 1571 1571 1580 1580 161 7 102
58909 58873 58909 58873 1607 1607 1625 1625 33 168 133
49417 49390 49417 49390 1586 1586 1595 1595 183 180 155
14324 14363 14324 14363 1561 1561 1582 1582 46 113 112
32529 32556 32529 32556 1571 1571 1580 1580 237 53 56
59082 59046 59082 59046 1592 1592 1610 1610 117 138 162
58945 58909 58945 58909 1630 1630 1648 1648 81 222 16
16411 16486 16411 16486 1555 1555 1581 1581 90 30 98
31382 31409 31382 31409 1571 1571 1580 1580 24 16 141
50667 50640 50667 50640 1586 1586 1595 1595 140 255 122
59422 59386 59422 59386 1592 1592 1610 1610 25 31 75
14298 14338 14298 14338 1546 1546 1567 1567 158 131 134
50615 50588 50615 50588 1586 1586 1595 1595 215 172 101
3315 3351 3315 3351 1562 1562 1580 1580 202 106 193
3891 3927 3891 3927 1562 1562 1580 1580 236 99 3
59120 59092 59120 59092 1616 1616 1624 1624 24 95 148
50439 50412 50439 50412 1586 1586 1595 1595 85 19 47
59837 59801 59837 59801 1585 1585 1603 1603 22 249 45
58940 58900 58940 58900 1583 1583 1604 1604 8 19 80
6496 6536 6496 6536 1546 1546 1567 1567 128 230 77
58995 58966 58995 58966 1616 1616 1624 1624 117 250 78
7738 7778 7738 7778 1553 1553 1574 1574 65 123 30
2799 2835 2799 2835 1562 1562 1580 1580 208 74 81
52845 52818 52845 52818 1586 1586 1595 1595 159 180 214
3015 3051 3015 3051 1562 1562 1580 1580 168 214 138
59017 58990 59017 58990 1593 1593 1602 1602 206 166 88
2483 2519 2483 2519 1562 1562 1580 1580 91 106 199
60124 60088 60124 60088 1615 1615 1633 1633 152 7 223
51004 50977 51004 50977 1586 1586 1595 1595 146 9 139
2561 2597 2561 2597 1562 1562 1580 1580 40 204 106
2425 2461 2425 2461 1547 1547 1565 1565 208 93 191
59041 59001 59041 59001 1583 1583 1604 1604 60 36 147
2247 2274 2247 2274 1556 1556 1565 1565 222 15 127
2320 2360 2320 2360 1553 1553 1574 1574 67 229 37
60706 60678 60706 60678 1593 1593 1601 1601 151 72 225
59436 59409 59436 59409 1623 1623 1632 1632 167 110 2
2290 2317 2290 2317 1556 1556 1565 1565 182 191 64
2425 2461 2425 2461 1510 1510 1528 1528 47 111 119
60609 60573 60609 60573 1630 1630 1648 1648 105 25 76
2052 2079 2052 2079 1556 1556 1565 1565 194 211 120
59419 59392 59419 59392 1631 1631 1640 1640 208 133 248
59345 59318 59345 59318 1631 1630 1640 1639 140 102 167
2293 2333 2293 2333 1531 1531 1552 1552 27 138 238
2014 2053 2014 2053 1561 1561 1582 1582 50 151 120
60817 60777 60817 60777 1613 1613 1634 1634 11 238 156
1970 2010 1970 2010 1561 1561 1582 1582 124 52 221
2092 2128 2092 2128 1510 1510 1528 1528 152 84 33
2018 2045 2018 2045 1548 1548 1557 1557 156 76 101
59348 59321 59348 59321 1623 1623 1632 1632 198 174 240
1860 1896 1860 1896 1532 1532 1550 1550 165 240 36
1827 1863 1827 1863 1562 1562 1580 1580 212 15 40
60964 60889 60964 60889 1585 1585 1611 1611 189 28 136
59395 59368 59395 59368 1616 1615 1625 1624 244 165 62
61002 60975 61002 60975 1601 1601 1610 1610 130 246 10
61358 61322 61358 61322 1622 1622 1640 1640 40 198 42
61408 61380 61408 61380 1601 1601 1609 1609 144 213 97
1567 1603 1567 1603 1510 1510 1528 1528 37 72 125
1548 1584 1548 1584 1562 1562 1580 1580 80 239 124
1631 1671 1631 1671 1531 1531 1552 1552 231 182 202
61171 61144 61171 61144 1646 1646 1655 1655 228 178 250
Current Objects
End Step
SimulationStep: 97
Current Pedestrians
60027 1572 false
52587 1605 false
35364 1547 false
15228 1631 false
48666 1536 false
22248 1535 false
5833 1545 false
33021 1575 false
11554 1579 false
59919 1590 false
5343 1570 false
58583 1590 false
26804 1635 false
32435 1554 false
2053 1650 false
31818 1650 false
48193 1650 false
Current Vehicles
32551 32578 32551 32578 1571 1571 1580 1580 161 7 102
58909 58873 58909 58873 1607 1607 1625 1625 33 168 133
49417 49390 49417 49390 1586 1586 1595 1595 183 180 155
14324 14363 14324 14363 1561 1561 1582 1582 46 113 112
32529 32556 32529 32556 1571 1571 1580 1580 237 53 56
59082 59046 59082 59046 1592 1592 1610 1610 117 138 162
58939 58903 58939 58903 1630 1630 1648 1648 81 222 16
16824 16899 16824 16899 1555 1555 1581 1581 90 30 98
31383 31410 31383 31410 1563 1563 1572 1572 24 16 141
50667 50640 50667 50640 1586 1586 1595 1595 140 255 122
59389 59353 59389 59353 1592 1592 1610 1610 25 31 75
14298 14338 14298 14338 1546 1546 1567 1567 158 131 134
50615 50588 50615 50588 1586 1586 1595 1595 215 172 101
3348 3384 3348 3384 1562 1562 1580 1580 202 106 193
3924 3960 3924 3960 1562 1562 1580 1580 236 99 3
59108 59079 59108 59079 1616 1616 1624 1624 24 95 148
50439 50412 50439 50412 1586 1586 1595 1595 85 19 47
59809 59773 59809 59773 1585 1585 1603 1603 22 249 45
58940 58900 58940 58900 1583 1583 1604 1604 8 19 80
6643 6682 6643 6682 1546 1546 1567 1567 128 230 77
58960 58932 58960 58932 1616 1616 1624 1624 117 250 78
7905 7944 7905 7944 1553 1553 1574 1574 65 123 30
2832 2868 2832 2868 1562 1562 1580 1580 208 74 81
52440 52413 52440 52413 1586 1586 1595 1595 159 180 214
3049 3085 3049 3085 1562 1562 1580 1580 168 214 138
59017 58990 59017 58990 1593 1593 1602 1602 206 166 88
2483 2519 2483 2519 1555 1555 1573 1573 91 106 199
60112 60076 60112 60076 1615 1615 1633 1633 152 7 223
50618 50591 50618 50591 1586 1586 1595 1595 146 9 139
2586 2622 2586 2622 1562 1562 1580 1580 40 204 106
2425 2461 2425 2461 1555 1555 1573 1573 208 93 191
59041 59001 59041 59001 1583 1583 1604 1604 60 36 147
2247 2274 2247 2274 1556 1556 1565 1565 222 15 127
2320 2360 2320 2360 1553 1553 1574 1574 67 229 37
60656 60627 60656 60627 1593 1593 1601 1601 151 72 225
59436 59409 59436 59409 1623 1623 1632 1632 167 110 2
2290 2317 2290 2317 1556 1556 1565 1565 182 191 64
2425 2461 2425 2461 1517 1517 1535 1535 47 111 119
60575 60539 60575 60539 1630 1630 1648 1648 105 25 76
2052 2079 2052 2079 1556 1556 1565 1565 194 211 120
59419 59392 59419 59392 1631 1631 1640 1640 208 133 248
59345 59318 59345 59318 1631 1630 1640 1639 140 102 167
2293 2333 2293 2333 1531 1531 1552 1552 27 138 238
2025 2064 2025 2064 1561 1561 1582 1582 50 151 120
60731 60691 60731 60691 1606 1606 1627 1627 11 238 156
1974 2014 1974 2014 1561 1561 1582 1582 124 52 221
2125 2161 2125 2161 1510 1510 1528 1528 152 84 33
2020 2047 2020 2047 1548 1548 1557 1557 156 76 101
59315 59288 59315 59288 1623 1623 1632 1632 198 174 240
1893 1929 1893 1929 1532 1532 1550 1550 165 240 36
1860 1896 1860 1896 1562 1562 1580 1580 212 15 40
60932 60857 60932 60857 1585 1585 1611 1611 189 28 136
59377 59350 59377 59350 1616 1616 1625 1625 244 165 62
60979 60952 60979 60952 1601 1601 1610 1610 130 246 10
61330 61294 61330 61294 1622 1622 1640 1640 40 198 42
61376 61347 61376 61347 1601 1601 1609 1609 144 213 97
1590 1626 1590 1626 1510 1510 1528 1528 37 72 125
1567 1603 1567 1603 1562 1562 1580 1580 80 239 124
1788 1827 1788 1827 1508 1508 1529 1529 231 182 202
61003 60976 61003 60976 1646 1646 1655 1655 228 178 250
Current Objects
End Step
SimulationStep: 98
Current Pedestrians
60027 1573 false
52587 1605 false
35364 1547 false
15228 1633 false
48666 1537 false
22248 1536 false
5833 1545 false
33021 1560 false
11554 1581 false
59919 1590 false
5343 1572 false
58583 1590 false
26804 1635 false
32435 1556 false
2053 1635 false
31818 1650 false
48193 1650 false
29752 1502 false
Current Vehicles
32551 32578 32551 32578 1571 1571 1580 1580 161 7 102
58909 58873 58909 58873 1607 1607 1625 1625 33 168 133
49417 49390 49417 49390 1586 1586 1595 1595 183 180 155
14324 14363 14324 14363 1561 1561 1582 1582 46 113 112
32529 32556 32529 32556 1571 1571 1580 1580 237 53 56
59081 59045 59081 59045 1592 1592 1610 1610 117 138 162
58930 58894 58930 58894 1630 1630 1648 1648 81 222 16
17239 17314 17239 17314 1555 1555 1581 1581 90 30 98
31467 31494 31467 31494 1560 1560 1569 1569 24 16 141
50667 50640 50667 50640 1586 1586 1595 1595 140 255 122
59356 59320 59356 59320 1592 1592 1610 1610 25 31 75
14298 14338 14298 14338 1546 1546 1567 1567 158 131 134
50615 50588 50615 50588 1586 1586 1595 1595 215 172 101
3381 3417 3381 3417 1562 1562 1580 1580 202 106 193
3958 3994 3958 3994 1562 1562 1580 1580 236 99 3
59107 59078 59107 59078 1631 1631 1639 1639 24 95 148
50439 50412 50439 50412 1586 1586 1595 1595 85 19 47
59780 59744 59780 59744 1585 1585 1603 1603 22 249 45
58940 58900 58940 58900 1583 1583 1604 1604 8 19 80
6794 6834 6794 6834 1546 1546 1567 1567 128 230 77
58945 58917 58945 58917 1616 1616 1624 1624 117 250 78
8071 8111 8071 8111 1553 1553 1574 1574 65 123 30
2865 2901 2865 2901 1562 1562 1580 1580 208 74 81
52032 52005 52032 52005 1586 1585 1595 1594 159 180 214
3082 3118 3082 3118 1562 1562 1580 1580 168 214 138
59017 58990 59017 58990 1593 1593 1602 1602 206 166 88
2483 2519 2483 2519 1555 1555 1573 1573 91 106 199
60096 60060 60096 60060 1615 1615 1633 1633 152 7 223
50618 50591 50618 50591 1586 1586 1595 1595 146 9 139
2613 2649 2613 2649 1562 1562 1580 1580 40 204 106
2425 2461 2425 2461 1562 1562 1580 1580 208 93 191
59041 59001 59041 59001 1583 1583 1604 1604 60 36 147
2247 2274 2247 2274 1556 1556 1565 1565 222 15 127
2320 2360 2320 2360 1553 1553 1574 1574 67 229 37
60602 60574 60602 60574 1593 1593 1601 1601 151 72 225
59436 59409 59436 59409 1616 1616 1625 1625 167 110 2
2290 2317 2290 2317 1556 1556 1565 1565 182 191 64
2425 2461 2425 2461 1525 1525 1543 1543 47 111 119
60542 60506 60542 60506 1630 1630 1648 1648 105 25 76
2052 2079 2052 2079 1556 1556 1565 1565 194 211 120
59419 59392 59419 59392 1631 1631 1640 1640 208 133 248
59345 59318 59345 59318 1631 1630 1640 1639 140 102 167
2293 2333 2293 2333 1531 1531 1552 1552 27 138 238
2047 2087 2047 2087 1561 1561 1582 1582 50 151 120
60669 60629 60669 60629 1606 1606 1627 1627 11 238 156
1985 2025 1985 2025 1561 1561 1582 1582 124 52 221
2158 2194 2158 2194 1510 1510 1528 1528 152 84 33
2026 2053 2026 2053 1548 1548 1557 1557 156 76 101
59252 59225 59252 59225 1616 1615 1625 1624 198 174 240
1926 1962 1926 1962 1532 1532 1550 1550 165 240 36
1893 1929 1893 1929 1562 1562 1580 1580 212 15 40
60868 60793 60868 60793 1585 1585 1611 1611 189 28 136
59333 59306 59333 59306 1616 1616 1625 1625 244 165 62
60934 60907 60934 60907 1601 1601 1610 1610 130 246 10
61300 61264 61300 61264 1622 1622 1640 1640 40 198 42
61337 61309 61337 61309 1601 1601 1609 1609 144 213 97
1615 1651 1615 1651 1510 1510 1528 1528 37 72 125
1590 1626 1590 1626 1562 1562 1580 1580 80 239 124
1889 1928 1889 1928 1508 1508 1529 1529 231 182 202
60826 60799 60826 60799 1646 1646 1655 1655 228 178 250
1502 1538 1502 1538 1555 1555 1573 1573 94 121 71
Current Objects
End Step
SimulationStep: 99
Current Pedestrians
60027 1573 false
52587 1605 false
35364 1548 false
15228 1635 false
48666 1538 false
22248 1537 false
5833 1545 false
33021 1560 false
11554 1583 false
59919 1590 false
5343 1574 false
58583 1590 false
26804 1635 false
32435 1559 false
2053 1635 false
31818 1650 false
48193 1650 false
29752 1505 false
Current Vehicles
32551 32578 32551 32578 1571 1571 1580 1580 161 7 102
58909 58873 58909 58873 1607 1607 1625 1625 33 168 133
49417 49390 49417 49390 1586 1586 1595 1595 183 180 155
14324 14363 14324 14363 1561 1561 1582 1582 46 113 112
32529 32556 32529 32556 1571 1571 1580 1580 237 53 56
59080 59044 59080 59044 1592 1592 1610 1610 117 138 162
58918 58882 58918 58882 1630 1630 1648 1648 81 222 16
17654 17729 17654 17729 1555 1555 1581 1581 90 30 98
31577 31604 31577 31604 1563 1563 1572 1572 24 16 141
50667 50640 50667 50640 1586 1586 1595 1595 140 255 122
59322 59286 59322 59286 1592 1592 1610 1610 25 31 75
14298 14338 14298 14338 1546 1546 1567 1567 158 131 134
50615 50588 50615 50588 1586 1586 1595 1595 215 172 101
3415 3451 3415 3451 1562 1562 1580 1580 202 106 193
3991 4027 3991 4027 1562 1562 1580 1580 236 99 3
59102 59074 59102 59074 1631 1631 1639 1639 24 95 148
50439 50412 50439 50412 1586 1586 1595 1595 85 19 47
59750 59714 59750 59714 1585 1585 1603 1603 22 249 45
58940 58900 58940 58900 1583 1583 1604 1604 8 19 80
6949 6989 6949 6989 1546 1546 1567 1567 128 230 77
58945 58917 58945 58917 1616 1616 1624 1624 117 250 78
8238 8278 8238 8278 1553 1553 1574 1574 65 123 30
2898 2934 2898 2934 1562 1562 1580 1580 208 74 81
51622 51595 51622 51595 1586 1586 1595 1595 159 180 214
3115 3151 3115 3151 1562 1562 1580 1580 168 214 138
59017 58990 59017 58990 1593 1593 1602 1602 206 166 88
2484 2520 2484 2520 1562 1562 1580 1580 91 106 199
60077 60041 60077 60041 1615 1615 1633 1633 152 7 223
50618 50591 50618 50591 1586 1586 1595 1595 146 9 139
2642 2678 2642 2678 1562 1562 1580 1580 40 204 106
2425 2461 2425 2461 1555 1555 1573 1573 208 93 191
59041 59001 59041 59001 1583 1583 1604 1604 60 36 147
2247 2274 2247 2274 1556 1556 1565 1565 222 15 127
2320 2360 2320 2360 1553 1553 1574 1574 67 229 37
60547 60518 60547 60518 1593 1593 1601 1601 151 72 225
59431 59404 59431 59404 1616 1616 1625 1625 167 110 2
2290 2317 2290 2317 1556 1556 1565 1565 182 191 64
2425 2461 2425 2461 1532 1532 1550 1550 47 111 119
60509 60473 60509 60473 1630 1630 1648 1648 105 25 76
2052 2079 2052 2079 1556 1556 1565 1565 194 211 120
59419 59392 59419 59392 1631 1631 1640 1640 208 133 248
59345 59318 59345 59318 1631 1630 1640 1639 140 102 167
2293 2333 2293 2333 1531 1531 1552 1552 27 138 238
2084 2124 2084 2124 1561 1561 1582 1582 50 151 120
60591 60552 60591 60552 1606 1606 1627 1627 11 238 156
2002 2041 2002 2041 1561 1561 1582 1582 124 52 221
2191 2227 2191 2227 1510 1510 1528 1528 152 84 33
2043 2070 2043 2070 1548 1548 1557 1557 156 76 101
59252 59225 59252 59225 1608 1608 1617 1617 198 174 240
1959 1995 1959 1995 1532 1532 1550 1550 165 240 36
1915 1951 1915 1951 1562 1562 1580 1580 212 15 40
60868 60793 60868 60793 1585 1585 1611 1611 189 28 136
59281 59254 59281 59254 1616 1616 1625 1625 244 165 62
60901 60874 60901 60874 1601 1601 1610 1610 130 246 10
61269 61233 61269 61233 1622 1622 1640 1640 40 198 42
61294 61266 61294 61266 1601 1601 1609 1609 144 213 97
1615 1651 1615 1651 1517 1517 1535 1535 37 72 125
1615 1651 1615 1651 1562 1562 1580 1580 80 239 124
2001 2041 2001 2041 1508 1508 1529 1529 231 182 202
60711 60684 60711 60684 1645 1646 1654 1655 228 178 250
1505 1541 1505 1541 1555 1555 1573 1573 94 121 71
Current Objects
End Step
SimulationStep: 100
Current Pedestrians
60027 1574 false
52587 1605 false
35364 1549 false
15228 1637 false
48666 1538 false
22248 1538 false
5833 1545 false
33021 1560 false
11554 1586 false
59919 1590 false
5343 1577 false
58583 1575 false
26804 1635 false
32435 1561 false
2053 1635 false
31818 1650 false
48193 1650 false
29752 1507 false
Current Vehicles
32551 32578 32551 32578 1571 1571 1580 1580 161 7 102
58909 58873 58909 58873 1607 1607 1625 1625 33 168 133
49417 49390 49417 49390 1586 1586 1595 1595 183 180 155
14324 14363 14324 14363 1561 1561 1582 1582 46 113 112
32529 32556 32529 32556 1571 1571 1580 1580 237 53 56
59078 59042 59078 59042 1592 1592 1610 1610 117 138 162
58918 58882 58918 58882 1630 1630 1648 1648 81 222 16
18070 18145 18070 18145 1555 1555 1581 1581 90 30 98
31721 31748 31721 31748 1563 1563 1572 1572 24 16 141
50667 50640 50667 50640 1586 1586 1595 1595 140 255 122
59289 59253 59289 59253 1592 1592 1610 1610 25 31 75
14298 14338 14298 14338 1546 1546 1567 1567 158 131 134
50615 50588 50615 50588 1586 1586 1595 1595 215 172 101
3448 3484 3448 3484 1562 1562 1580 1580 202 106 193
4024 4060 4024 4060 1562 1562 1580 1580 236 99 3
59093 59065 59093 59065 1631 1631 1639 1639 24 95 148
50439 50412 50439 50412 1586 1586 1595 1595 85 19 47
59719 59683 59719 59683 1585 1585 1603 1603 22 249 45
58940 58900 58940 58900 1583 1583 1604 1604 8 19 80
7107 7147 7107 7147 1546 1546 1567 1567 128 230 77
58945 58917 58945 58917 1616 1616 1624 1624 117 250 78
8405 8444 8405 8444 1553 1553 1574 1574 65 123 30
2931 2967 2931 2967 1562 1562 1580 1580 208 74 81
51210 51183 51210 51183 1586 1586 1595 1595 159 180 214
3149 3185 3149 3185 1562 1562 1580 1580 168 214 138
59017 58990 59017 58990 1593 1593 1602 1602 206 166 88
2486 2522 2486 2522 1562 1562 1580 1580 91 106 199
60054 60018 60054 60018 1615 1615 1633 1633 152 7 223
50618 50591 50618 50591 1586 1586 1595 1595 146 9 139
2672 2708 2672 2708 1562 1562 1580 1580 40 204 106
2425 2461 2425 2461 1562 1562 1580 1580 208 93 191
59041 59001 59041 59001 1583 1583 1604 1604 60 36 147
2247 2274 2247 2274 1556 1556 1565 1565 222 15 127
2320 2360 2320 2360 1553 1553 1574 1574 67 229 37
60490 60461 60490 60461 1593 1593 1601 1601 151 72 225
59411 59384 59411 59384 1616 1616 1625 1625 167 110 2
2290 2317 2290 2317 1556 1556 1565 1565 182 191 64
2425 2461 2425 2461 1540 1540 1558 1558 47 111 119
60475 60439 60475 60439 1630 1630 1648 1648 105 25 76
2052 2079 2052 2079 1556 1556 1565 1565 194 211 120
59419 59392 59419 59392 1631 1631 1640 1640 208 133 248
59307 59280 59307 59280 1623 1623 1632 1632 140 102 167
2293 2333 2293 2333 1531 1531 1552 1552 27 138 238
2137 2177 2137 2177 1561 1561 1582 1582 50 151 120
60498 60458 60498 60458 1606 1606 1627 1627 11 238 156
2002 2041 2002 2041 1561 1561 1582 1582 124 52 221
2225 2261 2225 2261 1510 1510 1528 1528 152 84 33
2084 2111 2084 2111 1548 1548 1557 1557 156 76 101
59252 59225 59252 59225 1608 1608 1617 1617 198 174 240
1992 2028 1992 2028 1532 1532 1550 1550 165 240 36
1924 1960 1924 1960 1562 1562 1580 1580 212 15 40
60827 60752 60827 60752 1622 1622 1648 1648 189 28 136
59281 59254 59281 59254 1616 1616 1625 1625 244 165 62
60857 60830 60857 60830 1623 1623 1632 1632 130 246 10
61237 61201 61237 61201 1622 1622 1640 1640 40 198 42
61247 61219 61247 61219 1601 1601 1609 1609 144 213 97
1615 1651 1615 1651 1517 1517 1535 1535 37 72 125
1642 1678 1642 1678 1562 1562 1580 1580 80 239 124
2102 2142 2102 2142 1508 1508 1529 1529 231 182 202
60665 60638 60665 60638 1646 1646 1655 1655 228 178 250
1510 1546 1510 1546 1555 1555 1573 1573 94 121 71
Current Objects
End Step
SimulationStep: 101
Current Pedestrians
60027 1575 false
52587 1605 false
35364 1550 false
15228 1640 false
48666 1539 false
22248 1538 false
5833 1545 false
33021 1560 false
11554 1588 false
59919 1575 false
5343 1579 false
58583 1575 false
26804 1635 false
32435 1563 false
2053 1635 false
31818 1650 false
48193 1650 false
29752 1509 false
Current Vehicles
32551 32578 32551 32578 1571 1571 1580 1580 161 7 102
58909 58873 58909 58873 1607 1607 1625 1625 33 168 133
49417 49390 49417 49390 1586 1586 1595 1595 183 180 155
14324 14363 14324 14363 1561 1561 1582 1582 46 113 112
32529 32556 32529 32556 1571 1571 1580 1580 237 53 56
59078 59042 59078 59042 1607 1607 1625 1625 117 138 162
58918 58882 58918 58882 1630 1630 1648 1648 81 222 16
18486 18561 18486 18561 1555 1555 1581 1581 90 30 98
31908 31935 31908 31935 1563 1563 1572 1572 24 16 141
50667 50640 50667 50640 1586 1586 1595 1595 140 255 122
59288 59252 59288 59252 1585 1585 1603 1603 25 31 75
14298 14338 14298 14338 1546 1546 1567 1567 158 131 134
50615 50588 50615 50588 1586 1586 1595 1595 215 172 101
3481 3517 3481 3517 1562 1562 1580 1580 202 106 193
4058 4094 4058 4094 1562 1562 1580 1580 236 99 3
59079 59051 59079 59051 1631 1631 1639 1639 24 95 148
50439 50412 50439 50412 1586 1586 1595 1595 85 19 47
59687 59651 59687 59651 1585 1585 1603 1603 22 249 45
58940 58900 58940 58900 1583 1583 1604 1604 8 19 80
7267 7307 7267 7307 1546 1546 1567 1567 128 230 77
58945 58917 58945 58917 1616 1616 1624 1624 117 250 78
8571 8611 8571 8611 1553 1553 1574 1574 65 123 30
2964 3000 2964 3000 1562 1562 1580 1580 208 74 81
50806 50779 50806 50779 1586 1586 1595 1595 159 180 214
3182 3218 3182 3218 1562 1562 1580 1580 168 214 138
59017 58990 59017 58990 1593 1593 1602 1602 206 166 88
2492 2528 2492 2528 1562 1562 1580 1580 91 106 199
60029 59993 60029 59993 1615 1615 1633 1633 152 7 223
50618 50591 50618 50591 1586 1586 1595 1595 146 9 139
2703 2739 2703 2739 1562 1562 1580 1580 40 204 106
2428 2464 2428 2464 1562 1562 1580 1580 208 93 191
59041 59001 59041 59001 1583 1583 1604 1604 60 36 147
2247 2274 2247 2274 1556 1556 1565 1565 222 15 127
2320 2360 2320 2360 1553 1553 1574 1574 67 229 37
60431 60403 60431 60403 1593 1593 1601 1601 151 72 225
59388 59361 59388 59361 1616 1615 1625 1624 167 110 2
2290 2317 2290 2317 1556 1556 1565 1565 182 191 64
2425 2461 2425 2461 1540 1540 1558 1558 47 111 119
60442 60406 60442 60406 1630 1630 1648 1648 105 25 76
2052 2079 2052 2079 1556 1556 1565 1565 194 211 120
59419 59392 59419 59392 1631 1631 1640 1640 208 133 248
59288 59261 59288 59261 1623 1623 1632 1632 140 102 167
2293 2333 2293 2333 1531 1531 1552 1552 27 138 238
2194 2234 2194 2234 1561 1561 1582 1582 50 151 120
60391 60351 60391 60351 1606 1606 1627 1627 11 238 156
2002 2041 2002 2041 1561 1561 1582 1582 124 52 221
2258 2294 2258 2294 1510 1510 1528 1528 152 84 33
2084 2111 2084 2111 1548 1548 1557 1557 156 76 101
59252 59225 59252 59225 1608 1608 1617 1617 198 174 240
2025 2061 2025 2061 1532 1532 1550 1550 165 240 36
1931 1967 1931 1967 1562 1562 1580 1580 212 15 40
60818 60743 60818 60743 1630 1630 1656 1656 189 28 136
59281 59254 59281 59254 1616 1616 1625 1625 244 165 62
60849 60822 60849 60822 1616 1616 1625 1625 130 246 10
61205 61169 61205 61169 1622 1622 1640 1640 40 198 42
61197 61168 61197 61168 1601 1601 1609 1609 144 213 97
1618 1654 1618 1654 1517 1517 1535 1535 37 72 125
1670 1706 1670 1706 1562 1562 1580 1580 80 239 124
2102 2142 2102 2142 1508 1508 1529 1529 231 182 202
60609 60582 60609 60582 1646 1646 1655 1655 228 178 250
1519 1555 1519 1555 1555 1555 1573 1573 94 121 71
Current Objects
End Step
SimulationStep: 102
Current Pedestrians
60027 1576 false
52587 1605 false
35364 1550 false
15228 1642 false
48666 1540 false
22248 1539 false
5833 1545 false
33021 1560 false
11554 1590 false
59919 1575 false
5343 1581 false
58583 1575 false
26804 1635 false
32435 1565 false
2053 1635 false
31818 1650 false
48193 1650 false
29752 1511 false
Current Vehicles
32551 32578 32551 32578 1571 1571 1580 1580 161 7 102
58909 58873 58909 58873 1607 1607 1625 1625 33 168 133
49417 49390 49417 49390 1586 1586 1595 1595 183 180 155
14324 14363 14324 14363 1561 1561 1582 1582 46 113 112
32529 32556 32529 32556 1571 1571 1580 1580 237 53 56
59075 59039 59075 59039 1607 1607 1625 1625 117 138 162
58918 58882 58918 58882 1630 1630 1648 1648 81 222 16
18486 18561 18486 18561 1555 1555 1581 1581 90 30 98
32315 32342 32315 32342 1571 1571 1580 1580 24 16 141
50667 50640 50667 50640 1586 1586 1595 1595 140 255 122
59286 59250 59286 59250 1585 1585 1603 1603 25 31 75
14298 14338 14298 14338 1546 1546 1567 1567 158 131 134
50615 50588 50615 50588 1586 1586 1595 1595 215 172 101
3515 3551 3515 3551 1562 1562 1580 1580 202 106 193
4091 4127 4091 4127 1562 1562 1580 1580 236 99 3
59059 59030 59059 59030 1631 1631 1639 1639 24 95 148
50439 50412 50439 50412 1586 1586 1595 1595 85 19 47
59655 59619 59655 59619 1585 1585 1603 1603 22 249 45
58940 58900 58940 58900 1583 1583 1604 1604 8 19 80
7429 7468 7429 7468 1546 1546 1567 1567 128 230 77
58945 58917 58945 58917 1616 1616 1624 1624 117 250 78
8738 8778 8738 8778 1553 1553 1574 1574 65 123 30
2997 3033 2997 3033 1562 1562 1580 1580 208 74 81
50449 50422 50449 50422 1586 1586 1595 1595 159 180 214
3215 3251 3215 3251 1562 1562 1580 1580 168 214 138
59017 58990 59017 58990 1593 1593 1602 1602 206 166 88
2500 2536 2500 2536 1562 1562 1580 1580 91 106 199
60002 59966 60002 59966 1615 1615 1633 1633 152 7 223
50618 50591 50618 50591 1586 1586 1595 1595 146 9 139
2734 2770 2734 2770 1562 1562 1580 1580 40 204 106
2433 2469 2433 2469 1562 1562 1580 1580 208 93 191
59041 59001 59041 59001 1583 1583 1604 1604 60 36 147
2247 2274 2247 2274 1556 1556 1565 1565 222 15 127
2320 2360 2320 2360 1553 1553 1574 1574 67 229 37
60372 60343 60372 60343 1593 1593 1601 1601 151 72 225
59359 59332 59359 59332 1616 1616 1625 1625 167 110 2
2290 2317 2290 2317 1556 1556 1565 1565 182 191 64
2425 2461 2425 2461 1540 1540 1558 1558 47 111 119
60409 60373 60409 60373 1630 1630 1648 1648 105 25 76
2052 2079 2052 2079 1556 1556 1565 1565 194 211 120
59419 59392 59419 59392 1631 1631 1640 1640 208 133 248
59288 59261 59288 59261 1623 1623 1632 1632 140 102 167
2293 2333 2293 2333 1531 1531 1552 1552 27 138 238
2235 2275 2235 2275 1561 1561 1582 1582 50 151 120
60271 60231 60271 60231 1606 1606 1627 1627 11 238 156
2003 2043 2003 2043 1561 1561 1582 1582 124 52 221
2291 2327 2291 2327 1510 1510 1528 1528 152 84 33
2084 2111 2084 2111 1548 1548 1557 1557 156 76 101
59252 59225 59252 59225 1608 1608 1617 1617 198 174 240
2026 2062 2026 2062 1525 1525 1543 1543 165 240 36
1941 1977 1941 1977 1562 1562 1580 1580 212 15 40
60786 60711 60786 60711 1630 1630 1656 1656 189 28 136
59281 59254 59281 59254 1616 1616 1625 1625 244 165 62
60820 60793 60820 60793 1616 1616 1625 1625 130 246 10
61173 61137 61173 61137 1622 1622 1640 1640 40 198 42
61143 61115 61143 61115 1601 1601 1609 1609 144 213 97
1623 1659 1623 1659 1517 1517 1535 1535 37 72 125
1700 1736 1700 1736 1562 1562 1580 1580 80 239 124
2105 2145 2105 2145 1508 1508 1529 1529 231 182 202
60529 60502 60529 60502 1646 1646 1655 1655 228 178 250
1531 1567 1531 1567 1555 1555 1573 1573 94 121 71
61498 61462 61498 61462 1615 1615 1633 1633 202 119 182
Current Objects
End Step
SimulationStep: 103
Current Pedestrians
60027 1576 false
52587 1605 false
35364 1551 false
15228 1644 false
48666 1541 false
22248 1540 false
5833 1545 false
33021 1560 false
11554 1592 false
59919 1575 false
5343 1583 false
58583 1575 false
26804 1635 false
32435 1568 false
2053 1635 false
31818 1650 false
48193 1650 false
29752 1514 false
Current Vehicles
32551 32578 32551 32578 1571 1571 1580 1580 161 7 102
58909 58873 58909 58873 1607 1607 1625 1625 33 168 133
49417 49390 49417 49390 1586 1586 1595 1595 183 180 155
14324 14363 14324 14363 1561 1561 1582 1582 46 113 112
32529 32556 32529 32556 1571 1571 1580 1580 237 53 56
59070 59034 59070 59034 1607 1607 1625 1625 117 138 162
58918 58882 58918 58882 1630 1630 1648 1648 81 222 16
18486 18561 18486 18561 1555 1555 1581 1581 90 30 98
32535 32562 32535 32562 1571 1571 1580 1580 24 16 141
50667 50640 50667 50640 1586 1586 1595 1595 140 255 122
59280 59244 59280 59244 1585 1585 1603 1603 25 31 75
14298 14338 14298 14338 1546 1546 1567 1567 158 131 134
50615 50588 50615 50588 1586 1586 1595 1595 215 172 101
3548 3584 3548 3584 1562 1562 1580 1580 202 106 193
4124 4160 4124 4160 1562 1562 1580 1580 236 99 3
59032 59004 59032 59004 1631 1631 1639 1639 24 95 148
50439 50412 50439 50412 1586 1586 1595 1595 85 19 47
59623 59587 59623 59587 1585 1585 1603 1603 22 249 45
58940 58900 58940 58900 1583 1583 1604 1604 8 19 80
7592 7631 7592 7631 1546 1546 1567 1567 128 230 77
58945 58917 58945 58917 1616 1616 1624 1624 117 250 78
8905 8944 8905 8944 1553 1553 1574 1574 65 123 30
3030 3066 3030 3066 1562 1562 1580 1580 208 74 81
50449 50422 50449 50422 1586 1586 1595 1595 159 180 214
3248 3284 3248 3284 1562 1562 1580 1580 168 214 138
59017 58990 59017 58990 1593 1593 1602 1602 206 166 88
2513 2549 2513 2549 1562 1562 1580 1580 91 106 199
59973 59937 59973 59937 1615 1615 1633 1633 152 7 223
50618 50591 50618 50591 1586 1586 1595 1595 146 9 139
2766 2802 2766 2802 1562 1562 1580 1580 40 204 106
2442 2478 2442 2478 1562 1562 1580 1580 208 93 191
59041 59001 59041 59001 1583 1583 1604 1604 60 36 147
2247 2274 2247 2274 1556 1556 1565 1565 222 15 127
2320 2360 2320 2360 1553 1553 1574 1574 67 229 37
60312 60283 60312 60283 1593 1593 1601 1601 151 72 225
59351 59324 59351 59324 1608 1608 1617 1617 167 110 2
2290 2317 2290 2317 1556 1556 1565 1565 182 191 64
2425 2461 2425 2461 1540 1540 1558 1558 47 111 119
60375 60339 60375 60339 1630 1630 1648 1648 105 25 76
2052 2079 2052 2079 1556 1556 1565 1565 194 211 120
59345 59318 59345 59318 1623 1623 1632 1632 208 133 248
59288 59261 59288 59261 1623 1623 1632 1632 140 102 167
2293 2333 2293 2333 1531 1531 1552 1552 27 138 238
2258 2297 2258 2297 1561 1561 1582 1582 50 151 120
60102 60062 60102 60062 1591 1591 1612 1612 11 238 156
2006 2046 2006 2046 1561 1561 1582 1582 124 52 221
2325 2361 2325 2361 1510 1510 1528 1528 152 84 33
2084 2111 2084 2111 1548 1548 1557 1557 156 76 101
59252 59225 59252 59225 1608 1608 1617 1617 198 174 240
2026 2062 2026 2062 1532 1532 1550 1550 165 240 36
1955 1991 1955 1991 1562 1562 1580 1580 212 15 40
60722 60647 60722 60647 1630 1630 1656 1656 189 28 136
59281 59254 59281 59254 1616 1616 1625 1625 244 165 62
60761 60734 60761 60734 1616 1615 1625 1624 130 246 10
61140 61104 61140 61104 1622 1622 1640 1640 40 198 42
61088 61059 61088 61059 1601 1601 1609 1609 144 213 97
1632 1668 1632 1668 1517 1517 1535 1535 37 72 125
1731 1767 1731 1767 1562 1562 1580 1580 80 239 124
2117 2157 2117 2157 1508 1508 1529 1529 231 182 202
60371 60344 60371 60344 1616 1616 1625 1625 228 178 250
1548 1584 1548 1584 1555 1555 1573 1573 94 121 71
61495 61459 61495 61459 1615 1615 1633 1633 202 119 182
1539 1566 1539 1566 1541 1541 1550 1550 236 86 88
Current Objects
End Step
SimulationStep: 104
Current Pedestrians
60027 1577 false
52587 1605 false
35364 1552 false
15228 1646 false
48666 1541 false
22248 1541 false
5833 1530 false
33021 1560 false
11554 1595 false
59919 1575 false
5343 1586 false
58583 1575 false
26804 1635 false
32435 1570 false
2053 1635 false
31818 1650 false
48193 1650 false
29752 1516 false
Current Vehicles
32551 32578 32551 32578 1571 1571 1580 1580 161 7 102
58909 58873 58909 58873 1607 1607 1625 1625 33 168 133
49417 49390 49417 49390 1586 1586 1595 1595 183 180 155
14324 14363 14324 14363 1561 1561 1582 1582 46 113 112
32529 32556 32529 32556 1571 1571 1580 1580 237 53 56
59061 59025 59061 59025 1607 1607 1625 1625 117 138 162
58918 58882 58918 58882 1630 1630 1648 1648 81 222 16
18486 18561 18486 18561 1555 1555 1581 1581 90 30 98
32535 32562 32535 32562 1571 1571 1580 1580 24 16 141
50667 50640 50667 50640 1586 1586 1595 1595 140 255 122
59271 59235 59271 59235 1585 1585 1603 1603 25 31 75
14298 14338 14298 14338 1546 1546 1567 1567 158 131 134
50615 50588 50615 50588 1586 1586 1595 1595 215 172 101
3581 3617 3581 3617 1562 1562 1580 1580 202 106 193
4158 4194 4158 4194 1562 1562 1580 1580 236 99 3
58979 58951 58979 58951 1623 1623 1631 1631 24 95 148
50439 50412 50439 50412 1586 1586 1595 1595 85 19 47
59590 59554 59590 59554 1585 1585 1603 1603 22 249 45
58940 58900 58940 58900 1583 1583 1604 1604 8 19 80
7755 7795 7755 7795 1546 1546 1567 1567 128 230 77
58945 58917 58945 58917 1616 1616 1624 1624 117 250 78
9071 9111 9071 9111 1553 1553 1574 1574 65 123 30
3063 3099 3063 3099 1562 1562 1580 1580 208 74 81
50449 50422 50449 50422 1586 1586 1595 1595 159 180 214
3282 3318 3282 3318 1562 1562 1580 1580 168 214 138
59017 58990 59017 58990 1593 1593 1602 1602 206 166 88
2529 2565 2529 2565 1562 1562 1580 1580 91 106 199
59943 59907 59943 59907 1615 1615 1633 1633 152 7 223
50618 50591 50618 50591 1586 1586 1595 1595 146 9 139
2799 2835 2799 2835 1562 1562 1580 1580 40 204 106
2442 2478 2442 2478 1562 1562 1580 1580 208 93 191
59041 59001 59041 59001 1583 1583 1604 1604 60 36 147
2247 2274 2247 2274 1556 1556 1565 1565 222 15 127
2320 2360 2320 2360 1553 1553 1574 1574 67 229 37
60251 60222 60251 60222 1593 1593 1601 1601 151 72 225
59327 59300 59327 59300 1608 1608 1617 1617 167 110 2
2290 2317 2290 2317 1556 1556 1565 1565 182 191 64
2425 2461 2425 2461 1540 1540 1558 1558 47 111 119
60342 60306 60342 60306 1630 1630 1648 1648 105 25 76
2052 2079 2052 2079 1556 1556 1565 1565 194 211 120
59323 59296 59323 59296 1623 1623 1632 1632 208 133 248
59288 59261 59288 59261 1623 1623 1632 1632 140 102 167
2293 2333 2293 2333 1531 1531 1552 1552 27 138 238
2277 2317 2277 2317 1561 1561 1582 1582 50 151 120
60012 59973 60012 59973 1591 1591 1612 1612 11 238 156
2006 2046 2006 2046 1561 1561 1582 1582 124 52 221
2358 2394 2358 2394 1510 1510 1528 1528 152 84 33
2084 2111 2084 2111 1548 1548 1557 1557 156 76 101
59252 59225 59252 59225 1608 1608 1617 1617 198 174 240
2027 2063 2027 2063 1532 1532 1550 1550 165 240 36
1956 1992 1956 1992 1555 1555 1573 1573 212 15 40
60507 60432 60507 60432 1622 1622 1648 1648 189 28 136
59281 59254 59281 59254 1616 1616 1625 1625 244 165 62
60665 60638 60665 60638 1616 1616 1625 1625 130 246 10
61107 61071 61107 61071 1622 1622 1640 1640 40 198 42
61031 61002 61031 61002 1601 1601 1609 1609 144 213 97
1645 1681 1645 1681 1517 1517 1535 1535 37 72 125
1763 1799 1763 1799 1562 1562 1580 1580 80 239 124
2140 2180 2140 2180 1508 1508 1529 1529 231 182 202
60088 60061 60088 60061 1638 1638 1647 1647 228 178 250
1567 1603 1567 1603 1555 1555 1573 1573 94 121 71
61490 61454 61490 61454 1615 1615 1633 1633 202 119 182
1598 1625 1598 1625 1541 1541 1550 1550 236 86 88
Current Objects
End Step
SimulationStep: 105
Current Pedestrians
60027 1578 false
52587 1605 false
35364 1553 false
15228 1649 false
48666 1542 false
22248 1541 false
5833 1530 false
33021 1545 false
11554 1597 false
59919 1575 false
5343 1588 false
58583 1575 false
26804 1635 false
32435 1572 false
2053 1635 false
31818 1650 false
48193 1650 false
29752 1518 false
30521 1650 false
Current Vehicles
32551 32578 32551 32578 1571 1571 1580 1580 161 7 102
58909 58873 58909 58873 1607 1607 1625 1625 33 168 133
49417 49390 49417 49390 1586 1586 1595 1595 183 180 155
14324 14363 14324 14363 1561 1561 1582 1582 46 113 112
32529 32556 32529 32556 1571 1571 1580 1580 237 53 56
59060 59024 59060 59024 1615 1615 1633 1633 117 138 162
58918 58882 58918 58882 1630 1630 1648 1648 81 222 16
18486 18561 18486 18561 1555 1555 1581 1581 90 30 98
32535 32562 32535 32562 1571 1571 1580 1580 24 16 141
50667 50640 50667 50640 1586 1586 1595 1595 140 255 122
59259 59223 59259 59223 1585 1585 1603 1603 25 31 75
14298 14338 14298 14338 1546 1546 1567 1567 158 131 134
50615 50588 50615 50588 1586 1586 1595 1595 215 172 101
3615 3651 3615 3651 1562 1562 1580 1580 202 106 193
4191 4227 4191 4227 1562 1562 1580 1580 236 99 3
58979 58951 58979 58951 1623 1623 1631 1631 24 95 148
50439 50412 50439 50412 1586 1586 1595 1595 85 19 47
59557 59521 59557 59521 1585 1585 1603 1603 22 249 45
58940 58900 58940 58900 1583 1583 1604 1604 8 19 80
7920 7960 7920 7960 1546 1546 1567 1567 128 230 77
58945 58917 58945 58917 1616 1616 1624 1624 117 250 78
9238 9278 9238 9278 1553 1553 1574 1574 65 123 30
3097 3133 3097 3133 1562 1562 1580 1580 208 74 81
50449 50422 50449 50422 1586 1586 1595 1595 159 180 214
3315 3351 3315 3351 1562 1562 1580 1580 168 214 138
59017 58990 59017 58990 1593 1593 1602 1602 206 166 88
2548 2584 2548 2584 1562 1562 1580 1580 91 106 199
59912 59876 59912 59876 1615 1615 1633 1633 152 7 223
50618 50591 50618 50591 1586 1586 1595 1595 146 9 139
2831 2867 2831 2867 1562 1562 1580 1580 40 204 106
2443 2479 2443 2479 1562 1562 1580 1580 208 93 191
59041 59001 59041 59001 1583 1583 1604 1604 60 36 147
2247 2274 2247 2274 1556 1556 1565 1565 222 15 127
2320 2360 2320 2360 1553 1553 1574 1574 67 229 37
60251 60222 60251 60222 1586 1586 1594 1594 151 72 225
59308 59281 59308 59281 1608 1608 1617 1617 167 110 2
2290 2317 2290 2317 1556 1556 1565 1565 182 191 64
2425 2461 2425 2461 1540 1540 1558 1558 47 111 119
60309 60273 60309 60273 1630 1630 1648 1648 105 25 76
2052 2079 2052 2079 1556 1556 1565 1565 194 211 120
59323 59296 59323 59296 1631 1631 1640 1640 208 133 248
59288 59261 59288 59261 1623 1623 1632 1632 140 102 167
2293 2333 2293 2333 1531 1531 1552 1552 27 138 238
2277 2317 2277 2317 1561 1561 1582 1582 50 151 120
59908 59868 59908 59868 1591 1591 1612 1612 11 238 156
2006 2046 2006 2046 1561 1561 1582 1582 124 52 221
2391 2427 2391 2427 1510 1510 1528 1528 152 84 33
2084 2111 2084 2111 1548 1548 1557 1557 156 76 101
59252 59225 59252 59225 1608 1608 1617 1617 198 174 240
2029 2065 2029 2065 1532 1532 1550 1550 165 240 36
1959 1995 1959 1995 1555 1555 1573 1573 212 15 40
60498 60423 60498 60423 1600 1600 1626 1626 189 28 136
59281 59254 59281 59254 1616 1616 1625 1625 244 165 62
60575 60548 60575 60548 1616 1616 1625 1625 130 246 10
61074 61038 61074 61038 1622 1622 1640 1640 40 198 42
60972 60944 60972 60944 1601 1601 1609 1609 144 213 97
1661 1697 1661 1697 1517 1517 1535 1535 37 72 125
1795 1831 1795 1831 1562 1562 1580 1580 80 239 124
2178 2218 2178 2218 1508 1508 1529 1529 231 182 202
59885 59858 59885 59858 1638 1638 1647 1647 228 178 250
1590 1626 1590 1626 1555 1555 1573 1573 94 121 71
61481 61445 61481 61445 1615 1615 1633 1633 202 119 182
1694 1721 1694 1721 1541 1541 1550 1550 236 86 88
Current Objects
End Step
SimulationStep: 106
Current Pedestrians
60027 1579 false
52587 1605 false
35364 1553 false
15228 1651 false
48666 1543 false
22248 1542 false
5833 1530 false
33021 1545 false
11554 1599 false
59919 1575 false
5343 1590 false
58583 1560 false
26804 1635 false
32435 1574 false
2053 1635 false
31818 1650 false
48193 1650 false
29752 1520 false
30521 1650 false
Current Vehicles
32551 32578 32551 32578 1571 1571 1580 1580 161 7 102
58909 58873 58909 58873 1607 1607 1625 1625 33 168 133
49417 49390 49417 49390 1586 1586 1595 1595 183 180 155
14324 14363 14324 14363 1561 1561 1582 1582 46 113 112
32529 32556 32529 32556 1571 1571 1580 1580 237 53 56
59059 59023 59059 59023 1607 1607 1625 1625 117 138 162
58918 58882 58918 58882 1630 1630 1648 1648 81 222 16
18486 18561 18486 18561 1555 1555 1581 1581 90 30 98
32535 32562 32535 32562 1571 1571 1580 1580 24 16 141
50667 50640 50667 50640 1586 1586 1595 1595 140 255 122
59243 59207 59243 59207 1585 1585 1603 1603 25 31 75
14298 14338 14298 14338 1546 1546 1567 1567 158 131 134
50615 50588 50615 50588 1586 1586 1595 1595 215 172 101
3648 3684 3648 3684 1562 1562 1580 1580 202 106 193
4224 4260 4224 4260 1562 1562 1580 1580 236 99 3
58978 58950 58978 58950 1623 1623 1631 1631 24 95 148
50439 50412 50439 50412 1586 1586 1595 1595 85 19 47
59524 59488 59524 59488 1585 1585 1603 1603 22 249 45
58940 58900 58940 58900 1583 1583 1604 1604 8 19 80
8085 8125 8085 8125 1546 1546 1567 1567 128 230 77
58945 58917 58945 58917 1616 1616 1624 1624 117 250 78
9405 9444 9405 9444 1553 1553 1574 1574 65 123 30
3130 3166 3130 3166 1562 1562 1580 1580 208 74 81
50449 50422 50449 50422 1586 1586 1595 1595 159 180 214
3348 3384 3348 3384 1562 1562 1580 1580 168 214 138
59017 58990 59017 58990 1593 1593 1602 1602 206 166 88
2571 2607 2571 2607 1562 1562 1580 1580 91 106 199
59881 59845 59881 59845 1615 1615 1633 1633 152 7 223
50618 50591 50618 50591 1586 1586 1595 1595 146 9 139
2864 2900 2864 2900 1562 1562 1580 1580 40 204 106
2446 2482 2446 2482 1562 1562 1580 1580 208 93 191
59041 59001 59041 59001 1583 1583 1604 1604 60 36 147
2247 2274 2247 2274 1556 1556 1565 1565 222 15 127
2320 2360 2320 2360 1553 1553 1574 1574 67 229 37
60250 60221 60250 60221 1586 1586 1594 1594 151 72 225
59292 59265 59292 59265 1608 1608 1617 1617 167 110 2
2290 2317 2290 2317 1556 1556 1565 1565 182 191 64
2425 2461 2425 2461 1540 1540 1558 1558 47 111 119
60275 60239 60275 60239 1630 1630 1648 1648 105 25 76
2052 2079 2052 2079 1556 1556 1565 1565 194 211 120
59323 59296 59323 59296 1631 1631 1640 1640 208 133 248
59288 59261 59288 59261 1623 1623 1632 1632 140 102 167
2293 2333 2293 2333 1531 1531 1552 1552 27 138 238
2281 2320 2281 2320 1561 1561 1582 1582 50 151 120
59803 59763 59803 59763 1591 1591 1612 1612 11 238 156
2006 2046 2006 2046 1561 1561 1582 1582 124 52 221
2425 2461 2425 2461 1510 1510 1528 1528 152 84 33
2084 2111 2084 2111 1548 1548 1557 1557 156 76 101
59252 59225 59252 59225 1608 1608 1617 1617 198 174 240
2035 2071 2035 2071 1532 1532 1550 1550 165 240 36
1964 2000 1964 2000 1555 1555 1573 1573 212 15 40
60466 60391 60466 60391 1600 1600 1626 1626 189 28 136
59281 59254 59281 59254 1616 1616 1625 1625 244 165 62
60517 60490 60517 60490 1616 1616 1625 1625 130 246 10
61041 61005 61041 61005 1622 1622 1640 1640 40 198 42
60913 60884 60913 60884 1601 1601 1609 1609 144 213 97
1680 1716 1680 1716 1517 1517 1535 1535 37 72 125
1827 1863 1827 1863 1562 1562 1580 1580 80 239 124
2277 2317 2277 2317 1516 1516 1537 1537 231 182 202
59677 59650 59677 59650 1638 1638 1647 1647 228 178 250
1615 1651 1615 1651 1555 1555 1573 1573 94 121 71
61469 61433 61469 61433 1615 1615 1633 1633 202 119 182
1978 2005 1978 2005 1518 1518 1527 1527 236 86 88
Current Objects
End Step
SimulationStep: 107
Current Pedestrians
60027 1579 false
52587 1605 false
35364 1554 false
15228 1653 false
48666 1544 false
22248 1543 false
5833 1530 false
33021 1545 false
11554 1601 false
59919 1560 false
5343 1592 false
58583 1560 false
26804 1635 false
32435 1577 false
2053 1635 false
31818 1650 false
48193 1650 false
29752 1523 false
30521 1650 false
Current Vehicles
32551 32578 32551 32578 1571 1571 1580 1580 161 7 102
58909 58873 58909 58873 1607 1607 1625 1625 33 168 133
49417 49390 49417 49390 1586 1586 1595 1595 183 180 155
14324 14363 14324 14363 1561 1561 1582 1582 46 113 112
32529 32556 32529 32556 1571 1571 1580 1580 237 53 56
59057 59021 59057 59021 1607 1607 1625 1625 117 138 162
58918 58882 58918 58882 1630 1630 1648 1648 81 222 16
18486 18561 18486 18561 1555 1555 1581 1581 90 30 98
32535 32562 32535 32562 1571 1571 1580 1580 24 16 141
50667 50640 50667 50640 1586 1586 1595 1595 140 255 122
59223 59187 59223 59187 1585 1585 1603 1603 25 31 75
14298 14338 14298 14338 1546 1546 1567 1567 158 131 134
50615 50588 50615 50588 1586 1586 1595 1595 215 172 101
3681 3717 3681 3717 1562 1562 1580 1580 202 106 193
4258 4294 4258 4294 1562 1562 1580 1580 236 99 3
58978 58950 58978 58950 1623 1623 1631 1631 24 95 148
50439 50412 50439 50412 1586 1586 1595 1595 85 19 47
59491 59455 59491 59455 1585 1585 1603 1603 22 249 45
58940 58900 58940 58900 1583 1583 1604 1604 8 19 80
8251 8290 8251 8290 1546 1546 1567 1567 128 230 77
58945 58917 58945 58917 1616 1616 1624 1624 117 250 78
9571 9611 9571 9611 1553 1553 1574 1574 65 123 30
3163 3199 3163 3199 1562 1562 1580 1580 208 74 81
50449 50422 50449 50422 1586 1586 1595 1595 159 180 214
3382 3418 3382 3418 1562 1562 1580 1580 168 214 138
59017 58990 59017 58990 1593 1593 1602 1602 206 166 88
2596 2632 2596 2632 1562 1562 1580 1580 91 106 199
59849 59813 59849 59813 1615 1615 1633 1633 152 7 223
50618 50591 50618 50591 1586 1586 1595 1595 146 9 139
2897 2933 2897 2933 1562 1562 1580 1580 40 204 106
2451 2487 2451 2487 1562 1562 1580 1580 208 93 191
59041 59001 59041 59001 1583 1583 1604 1604 60 36 147
2247 2274 2247 2274 1556 1556 1565 1565 222 15 127
2320 2360 2320 2360 1553 1553 1574 1574 67 229 37
60245 60217 60245 60217 1586 1586 1594 1594 151 72 225
59292 59265 59292 59265 1601 1601 1610 1610 167 110 2
2290 2317 2290 2317 1556 1556 1565 1565 182 191 64
2425 2461 2425 2461 1540 1540 1558 1558 47 111 119
60242 60206 60242 60206 1630 1630 1648 1648 105 25 76
2052 2079 2052 2079 1556 1556 1565 1565 194 211 120
59323 59296 59323 59296 1631 1631 1640 1640 208 133 248
59288 59261 59288 59261 1623 1623 1632 1632 140 102 167
2293 2333 2293 2333 1531 1531 1552 1552 27 138 238
2292 2332 2292 2332 1561 1561 1582 1582 50 151 120
59720 59680 59720 59680 1591 1591 1612 1612 11 238 156
2006 2046 2006 2046 1561 1561 1582 1582 124 52 221
2425 2461 2425 2461 1517 1517 1535 1535 152 84 33
2084 2111 2084 2111 1548 1548 1557 1557 156 76 101
59252 59225 59252 59225 1608 1608 1617 1617 198 174 240
2043 2079 2043 2079 1532 1532 1550 1550 165 240 36
1965 2001 1965 2001 1540 1540 1558 1558 212 15 40
60402 60327 60402 60327 1600 1600 1626 1626 189 28 136
59281 59254 59281 59254 1616 1616 1625 1625 244 165 62
60517 60490 60517 60490 1608 1608 1617 1617 130 246 10
61008 60972 61008 60972 1622 1622 1640 1640 40 198 42
60853 60824 60853 60824 1601 1601 1609 1609 144 213 97
1703 1739 1703 1739 1517 1517 1535 1535 37 72 125
1860 1896 1860 1896 1562 1562 1580 1580 80 239 124
2314 2353 2314 2353 1516 1516 1537 1537 231 182 202
59520 59493 59520 59493 1638 1638 1647 1647 228 178 250
1642 1678 1642 1678 1555 1555 1573 1573 94 121 71
61452 61416 61452 61416 1615 1615 1633 1633 202 119 182
2132 2159 2132 2159 1526 1526 1535 1535 236 86 88
61490 61463 61490 61463 1638 1638 1647 1647 42 148 202
Current Objects
End Step
SimulationStep: 108
Current Pedestrians
60027 1580 false
52587 1605 false
35364 1555 false
15228 1655 false
48666 1544 false
22248 1544 false
5833 1530 false
33021 1545 false
11554 1604 false
59919 1560 false
5343 1595 false
58583 1560 false
26804 1635 false
32435 1579 false
2053 1635 false
31818 1650 false
48193 1650 false
29752 1525 false
30521 1650 false
Current Vehicles
32551 32578 32551 32578 1571 1571 1580 1580 161 7 102
58909 58873 58909 58873 1607 1607 1625 1625 33 168 133
49417 49390 49417 49390 1586 1586 1595 1595 183 180 155
14324 14363 14324 14363 1561 1561 1582 1582 46 113 112
32529 32556 32529 32556 1571 1571 1580 1580 237 53 56
59051 59015 59051 59015 1607 1607 1625 1625 117 138 162
58918 58882 58918 58882 1630 1630 1648 1648 81 222 16
18486 18561 18486 18561 1555 1555 1581 1581 90 30 98
32535 32562 32535 32562 1571 1571 1580 1580 24 16 141
50667 50640 50667 50640 1586 1586 1595 1595 140 255 122
59201 59165 59201 59165 1585 1585 1603 1603 25 31 75
14298 14338 14298 14338 1546 1546 1567 1567 158 131 134
50615 50588 50615 50588 1586 1586 1595 1595 215 172 101
3715 3751 3715 3751 1562 1562 1580 1580 202 106 193
4291 4327 4291 4327 1562 1562 1580 1580 236 99 3
58978 58950 58978 58950 1623 1623 1631 1631 24 95 148
50439 50412 50439 50412 1586 1586 1595 1595 85 19 47
59458 59422 59458 59422 1585 1585 1603 1603 22 249 45
58940 58900 58940 58900 1583 1583 1604 1604 8 19 80
8416 8456 8416 8456 1546 1546 1567 1567 128 230 77
58945 58917 58945 58917 1616 1616 1624 1624 117 250 78
9738 9778 9738 9778 1553 1553 1574 1574 65 123 30
3197 3233 3197 3233 1562 1562 1580 1580 208 74 81
50449 50422 50449 50422 1586 1586 1595 1595 159 180 214
3415 3451 3415 3451 1562 1562 1580 1580 168 214 138
59017 58990 59017 58990 1593 1593 1602 1602 206 166 88
2623 2659 2623 2659 1562 1562 1580 1580 91 106 199
59816 59780 59816 59780 1615 1615 1633 1633 152 7 223
50618 50591 50618 50591 1586 1586 1595 1595 146 9 139
2930 2966 2930 2966 1562 1562 1580 1580 40 204 106
2460 2496 2460 2496 1562 1562 1580 1580 208 93 191
59041 59001 59041 59001 1583 1583 1604 1604 60 36 147
2247 2274 2247 2274 1556 1556 1565 1565 222 15 127
2320 2360 2320 2360 1553 1553 1574 1574 67 229 37
60236 60208 60236 60208 1586 1586 1594 1594 151 72 225
59292 59265 59292 59265 1593 1593 1602 1602 167 110 2
2290 2317 2290 2317 1556 1556 1565 1565 182 191 64
2425 2461 2425 2461 1540 1540 1558 1558 47 111 119
60209 60173 60209 60173 1630 1630 1648 1648 105 25 76
2052 2079 2052 2079 1556 1556 1565 1565 194 211 120
59323 59296 59323 59296 1631 1631 1640 1640 208 133 248
59288 59261 59288 59261 1623 1623 1632 1632 140 102 167
2293 2333 2293 2333 1531 1531 1552 1552 27 138 238
2316 2355 2316 2355 1561 1561 1582 1582 50 151 120
59558 59518 59558 59518 1606 1606 1627 1627 11 238 156
2009 2049 2009 2049 1561 1561 1582 1582 124 52 221
2425 2461 2425 2461 1517 1517 1535 1535 152 84 33
2084 2111 2084 2111 1548 1548 1557 1557 156 76 101
59252 59225 59252 59225 1608 1608 1617 1617 198 174 240
2053 2089 2053 2089 1532 1532 1550 1550 165 240 36
1968 2004 1968 2004 1540 1540 1558 1558 212 15 40
60298 60223 60298 60223 1600 1600 1626 1626 189 28 136
59281 59254 59281 59254 1616 1616 1625 1625 244 165 62
60509 60482 60509 60482 1608 1608 1617 1617 130 246 10
60975 60939 60975 60939 1622 1622 1640 1640 40 198 42
60792 60763 60792 60763 1601 1601 1609 1609 144 213 97
1728 1764 1728 1764 1517 1517 1535 1535 37 72 125
1893 1929 1893 1929 1562 1562 1580 1580 80 239 124
2314 2353 2314 2353 1516 1516 1537 1537 231 182 202
59520 59493 59520 59493 1631 1631 1640 1640 228 178 250
1670 1706 1670 1706 1555 1555 1573 1573 94 121 71
61433 61397 61433 61397 1615 1615 1633 1633 202 119 182
2132 2159 2132 2159 1533 1533 1542 1542 236 86 88
61461 61434 61461 61434 1638 1638 1647 1647 42 148 202
1502 1538 1502 1538 1525 1525 1543 1543 53 184 12
61498 61462 61498 61462 1592 1592 1610 1610 176 221 43
61498 61472 61498 61472 1616 1616 1625 1625 20 134 25
Current Objects
End Step
SimulationStep: 109
Current Pedestrians
60027 1581 false
52587 1605 false
35364 1556 false
15228 1658 false
48666 1545 false
22248 1544 false
5833 1530 false
33021 1545 false
11554 1606 false
59919 1560 false
5343 1597 false
58583 1560 false
26804 1635 false
32435 1581 false
2053 1635 false
31818 1650 false
48193 1650 false
29752 1527 false
30521 1650 false
Current Vehicles
32551 32578 32551 32578 1571 1571 1580 1580 161 7 102
58909 58873 58909 58873 1607 1607 1625 1625 33 168 133
49417 49390 49417 49390 1586 1586 1595 1595 183 180 155
14324 14363 14324 14363 1561 1561 1582 1582 46 113 112
32529 32556 32529 32556 1571 1571 1580 1580 237 53 56
59043 59007 59043 59007 1607 1607 1625 1625 117 138 162
58918 58882 58918 58882 1630 1630 1648 1648 81 222 16
18486 18561 18486 18561 1555 1555 1581 1581 90 30 98
32535 32562 32535 32562 1571 1571 1580 1580 24 16 141
50667 50640 50667 50640 1586 1586 1595 1595 140 255 122
59176 59140 59176 59140 1585 1585 1603 1603 25 31 75
14298 14338 14298 14338 1546 1546 1567 1567 158 131 134
50615 50588 50615 50588 1586 1586 1595 1595 215 172 101
3748 3784 3748 3784 1562 1562 1580 1580 202 106 193
4324 4360 4324 4360 1562 1562 1580 1580 236 99 3
58978 58950 58978 58950 1623 1623 1631 1631 24 95 148
50439 50412 50439 50412 1586 1586 1595 1595 85 19 47
59425 59389 59425 59389 1585 1585 1603 1603 22 249 45
58940 58900 58940 58900 1583 1583 1604 1604 8 19 80
8582 8622 8582 8622 1546 1546 1567 1567 128 230 77
58945 58917 58945 58917 1616 1616 1624 1624 117 250 78
9905 9944 9905 9944 1553 1553 1574 1574 65 123 30
3230 3266 3230 3266 1562 1562 1580 1580 208 74 81
50449 50422 50449 50422 1586 1586 1595 1595 159 180 214
3448 3484 3448 3484 1562 1562 1580 1580 168 214 138
59017 58990 59017 58990 1593 1593 1602 1602 206 166 88
2652 2688 2652 2688 1562 1562 1580 1580 91 106 199
59784 59748 59784 59748 1615 1615 1633 1633 152 7 223
50618 50591 50618 50591 1586 1586 1595 1595 146 9 139
2963 2999 2963 2999 1562 1562 1580 1580 40 204 106
2472 2508 2472 2508 1562 1562 1580 1580 208 93 191
59041 59001 59041 59001 1583 1583 1604 1604 60 36 147
2247 2274 2247 2274 1556 1556 1565 1565 222 15 127
2320 2360 2320 2360 1553 1553 1574 1574 67 229 37
60222 60194 60222 60194 1586 1586 1594 1594 151 72 225
59292 59265 59292 59265 1593 1593 1602 1602 167 110 2
2290 2317 2290 2317 1556 1556 1565 1565 182 191 64
2425 2461 2425 2461 1540 1540 1558 1558 47 111 119
60175 60139 60175 60139 1630 1630 1648 1648 105 25 76
2052 2079 2052 2079 1556 1556 1565 1565 194 211 120
59323 59296 59323 59296 1631 1631 1640 1640 208 133 248
59288 59261 59288 59261 1623 1623 1632 1632 140 102 167
2293 2333 2293 2333 1531 1531 1552 1552 27 138 238
2353 2393 2353 2393 1561 1561 1582 1582 50 151 120
59455 59415 59455 59415 1606 1606 1627 1627 11 238 156
2013 2053 2013 2053 1561 1561 1582 1582 124 52 221
2425 2461 2425 2461 1517 1517 1535 1535 152 84 33
2084 2111 2084 2111 1548 1548 1557 1557 156 76 101
59252 59225 59252 59225 1608 1608 1617 1617 198 174 240
2054 2090 2054 2090 1525 1525 1543 1543 165 240 36
1973 2009 1973 2009 1540 1540 1558 1558 212 15 40
60018 59943 60018 59943 1585 1585 1611 1611 189 28 136
59281 59254 59281 59254 1616 1616 1625 1625 244 165 62
60479 60452 60479 60452 1608 1608 1617 1617 130 246 10
60942 60906 60942 60906 1622 1622 1640 1640 40 198 42
60731 60702 60731 60702 1601 1601 1609 1609 144 213 97
1755 1791 1755 1791 1517 1517 1535 1535 37 72 125
1926 1962 1926 1962 1562 1562 1580 1580 80 239 124
2314 2353 2314 2353 1516 1516 1537 1537 231 182 202
59520 59493 59520 59493 1631 1631 1640 1640 228 178 250
1700 1736 1700 1736 1555 1555 1573 1573 94 121 71
61410 61374 61410 61374 1615 1615 1633 1633 202 119 182
2132 2159 2132 2159 1541 1541 1550 1550 236 86 88
61402 61375 61402 61375 1638 1638 1647 1647 42 148 202
1505 1541 1505 1541 1525 1525 1543 1543 53 184 12
61495 61459 61495 61459 1592 1592 1610 1610 176 221 43
61498 61472 61498 61472 1616 1616 1625 1625 20 134 25
1502 1538 1502 1538 1547 1547 1565 1565 157 202 198
61461 61434 61461 61434 1638 1638 1647 1647 246 134 98
Current Objects
End Step
SimulationStep: 110
Current Pedestrians
60027 1582 false
52587 1605 false
35364 1556 false
15228 1660 false
48666 1546 false
22248 1545 false
5833 1515 false
33021 1545 false
11554 1608 false
59919 1560 false
5343 1599 false
58583 1560 false
26804 1635 false
32435 1583 false
2053 1635 false
31818 1650 false
48193 1650 false
29752 1529 false
30521 1650 false
Current Vehicles
32551 32578 32551 32578 1571 1571 1580 1580 161 7 102
58909 58873 58909 58873 1607 1607 1625 1625 33 168 133
49417 49390 49417 49390 1586 1586 1595 1595 183 180 155
14324 14363 14324 14363 1561 1561 1582 1582 46 113 112
32529 32556 32529 32556 1571 1571 1580 1580 237 53 56
59030 58994 59030 58994 1607 1607 1625 1625 117 138 162
58918 58882 58918 58882 1630 1630 1648 1648 81 222 16
18486 18561 18486 18561 1555 1555 1581 1581 90 30 98
32535 32562 32535 32562 1571 1571 1580 1580 24 16 141
50667 50640 50667 50640 1586 1586 1595 1595 140 255 122
59149 59113 59149 59113 1585 1585 1603 1603 25 31 75
14298 14338 14298 14338 1546 1546 1567 1567 158 131 134
50615 50588 50615 50588 1586 1586 1595 1595 215 172 101
3781 3817 3781 3817 1562 1562 1580 1580 202 106 193
4358 4394 4358 4394 1562 1562 1580 1580 236 99 3
58978 58950 58978 58950 1623 1623 1631 1631 24 95 148
50439 50412 50439 50412 1586 1586 1595 1595 85 19 47
59392 59356 59392 59356 1585 1585 1603 1603 22 249 45
58940 58900 58940 58900 1583 1583 1604 1604 8 19 80
8748 8788 8748 8788 1546 1546 1567 1567 128 230 77
58945 58917 58945 58917 1616 1616 1624 1624 117 250 78
10071 10111 10071 10111 1553 1553 1574 1574 65 123 30
3263 3299 3263 3299 1562 1562 1580 1580 208 74 81
50449 50422 50449 50422 1586 1586 1595 1595 159 180 214
3482 3518 3482 3518 1562 1562 1580 1580 168 214 138
59017 58990 59017 58990 1593 1593 1602 1602 206 166 88
2682 2718 2682 2718 1562 1562 1580 1580 91 106 199
59751 59715 59751 59715 1615 1615 1633 1633 152 7 223
50618 50591 50618 50591 1586 1586 1595 1595 146 9 139
2997 3033 2997 3033 1562 1562 1580 1580 40 204 106
2488 2524 2488 2524 1562 1562 1580 1580 208 93 191
59041 59001 59041 59001 1583 1583 1604 1604 60 36 147
2247 2274 2247 2274 1556 1556 1565 1565 222 15 127
2320 2360 2320 2360 1553 1553 1574 1574 67 229 37
60221 60192 60221 60192 1593 1593 1601 1601 151 72 225
59292 59265 59292 59265 1593 1593 1602 1602 167 110 2
2290 2317 2290 2317 1556 1556 1565 1565 182 191 64
2425 2461 2425 2461 1547 1547 1565 1565 47 111 119
60142 60106 60142 60106 1630 1630 1648 1648 105 25 76
2052 2079 2052 2079 1556 1556 1565 1565 194 211 120
59323 59296 59323 59296 1631 1631 1640 1640 208 133 248
59288 59261 59288 59261 1623 1623 1632 1632 140 102 167
2293 2333 2293 2333 1531 1531 1552 1552 27 138 238
2380 2419 2380 2419 1561 1561 1582 1582 50 151 120
59374 59335 59374 59335 1606 1606 1627 1627 11 238 156
2019 2058 2019 2058 1561 1561 1582 1582 124 52 221
2425 2461 2425 2461 1525 1525 1543 1543 152 84 33
2084 2111 2084 2111 1548 1548 1557 1557 156 76 101
59252 59225 59252 59225 1608 1608 1617 1617 198 174 240
2055 2091 2055 2091 1517 1517 1535 1535 165 240 36
1982 2018 1982 2018 1540 1540 1558 1558 212 15 40
59903 59828 59903 59828 1585 1585 1611 1611 189 28 136
59281 59254 59281 59254 1616 1616 1625 1625 244 165 62
60420 60393 60420 60393 1608 1608 1617 1617 130 246 10
60908 60872 60908 60872 1622 1622 1640 1640 40 198 42
60669 60641 60669 60641 1601 1601 1609 1609 144 213 97
1784 1820 1784 1820 1517 1517 1535 1535 37 72 125
1952 1988 1952 1988 1562 1562 1580 1580 80 239 124
2314 2353 2314 2353 1516 1516 1537 1537 231 182 202
59520 59493 59520 59493 1631 1631 1640 1640 228 178 250
1731 1767 1731 1767 1555 1555 1573 1573 94 121 71
61385 61349 61385 61349 1615 1615 1633 1633 202 119 182
2132 2159 2132 2159 1548 1548 1557 1557 236 86 88
61171 61144 61171 61144 1608 1608 1617 1617 42 148 202
1510 1546 1510 1546 1525 1525 1543 1543 53 184 12
61490 61454 61490 61454 1592 1592 1610 1610 176 221 43
61490 61463 61490 61463 1616 1616 1625 1625 20 134 25
1505 1541 1505 1541 1547 1547 1565 1565 157 202 198
61402 61375 61402 61375 1638 1638 1647 1647 246 134 98
Current Objects
End Step
SimulationStep: 111
Current Pedestrians
60027 1582 false
52587 1605 false
35364 1557 false
15228 1662 false
48666 1547 false
22248 1546 false
5833 1515 false
33021 1545 false
11554 1610 false
59919 1560 false
5343 1601 false
58583 1560 false
26804 1635 false
32435 1586 false
2053 1635 false
31818 1650 false
48193 1650 false
29752 1532 false
30521 1650 false
Current Vehicles
32551 32578 32551 32578 1571 1571 1580 1580 161 7 102
58909 58873 58909 58873 1607 1607 1625 1625 33 168 133
49417 49390 49417 49390 1586 1586 1595 1595 183 180 155
14324 14363 14324 14363 1561 1561 1582 1582 46 113 112
32529 32556 32529 32556 1571 1571 1580 1580 237 53 56
59029 58993 59029 58993 1615 1615 1633 1633 117 138 162
58918 58882 58918 58882 1630 1630 1648 1648 81 222 16
18486 18561 18486 18561 1555 1555 1581 1581 90 30 98
32535 32562 32535 32562 1571 1571 1580 1580 24 16 141
50667 50640 50667 50640 1586 1586 1595 1595 140 255 122
59120 59084 59120 59084 1585 1585 1603 1603 25 31 75
14298 14338 14298 14338 1546 1546 1567 1567 158 131 134
50615 50588 50615 50588 1586 1586 1595 1595 215 172 101
3815 3851 3815 3851 1562 1562 1580 1580 202 106 193
4391 4427 4391 4427 1562 1562 1580 1580 236 99 3
58978 58950 58978 58950 1623 1623 1631 1631 24 95 148
50439 50412 50439 50412 1586 1586 1595 1595 85 19 47
59361 59325 59361 59325 1585 1585 1603 1603 22 249 45
58940 58900 58940 58900 1583 1583 1604 1604 8 19 80
8915 8955 8915 8955 1546 1546 1567 1567 128 230 77
58945 58917 58945 58917 1616 1616 1624 1624 117 250 78
10238 10278 10238 10278 1553 1553 1574 1574 65 123 30
3297 3333 3297 3333 1562 1562 1580 1580 208 74 81
50449 50422 50449 50422 1586 1586 1595 1595 159 180 214
3515 3551 3515 3551 1562 1562 1580 1580 168 214 138
59017 58990 59017 58990 1593 1593 1602 1602 206 166 88
2713 2749 2713 2749 1562 1562 1580 1580 91 106 199
59718 59682 59718 59682 1615 1615 1633 1633 152 7 223
50618 50591 50618 50591 1586 1586 1595 1595 146 9 139
3030 3066 3030 3066 1562 1562 1580 1580 40 204 106
2508 2544 2508 2544 1562 1562 1580 1580 208 93 191
59041 59001 59041 59001 1583 1583 1604 1604 60 36 147
2247 2274 2247 2274 1556 1556 1565 1565 222 15 127
2320 2360 2320 2360 1553 1553 1574 1574 67 229 37
60221 60192 60221 60192 1586 1586 1594 1594 151 72 225
59292 59265 59292 59265 1593 1593 1602 1602 167 110 2
2290 2317 2290 2317 1556 1556 1565 1565 182 191 64
2425 2461 2425 2461 1547 1547 1565 1565 47 111 119
60109 60073 60109 60073 1630 1630 1648 1648 105 25 76
2052 2079 2052 2079 1556 1556 1565 1565 194 211 120
59323 59296 59323 59296 1631 1631 1640 1640 208 133 248
59288 59261 59288 59261 1623 1623 1632 1632 140 102 167
2293 2333 2293 2333 1531 1531 1552 1552 27 138 238
2380 2419 2380 2419 1561 1561 1582 1582 50 151 120
59346 59306 59346 59306 1606 1606 1627 1627 11 238 156
2033 2073 2033 2073 1561 1561 1582 1582 124 52 221
2425 2461 2425 2461 1525 1525 1543 1543 152 84 33
2084 2111 2084 2111 1548 1548 1557 1557 156 76 101
59252 59225 59252 59225 1608 1608 1617 1617 198 174 240
2058 2094 2058 2094 1517 1517 1535 1535 165 240 36
1990 2026 1990 2026 1540 1540 1558 1558 212 15 40
59744 59669 59744 59669 1585 1585 1611 1611 189 28 136
59281 59254 59281 59254 1616 1616 1625 1625 244 165 62
60325 60298 60325 60298 1608 1608 1617 1617 130 246 10
60875 60839 60875 60839 1622 1622 1640 1640 40 198 42
60607 60579 60607 60579 1601 1601 1609 1609 144 213 97
1813 1849 1813 1849 1517 1517 1535 1535 37 72 125
1963 1999 1963 1999 1562 1562 1580 1580 80 239 124
2314 2353 2314 2353 1516 1516 1537 1537 231 182 202
59520 59493 59520 59493 1631 1631 1640 1640 228 178 250
1763 1799 1763 1799 1555 1555 1573 1573 94 121 71
61358 61322 61358 61322 1615 1615 1633 1633 202 119 182
2132 2159 2132 2159 1556 1556 1565 1565 236 86 88
60776 60749 60776 60749 1586 1586 1595 1595 42 148 202
1519 1555 1519 1555 1525 1525 1543 1543 53 184 12
61481 61445 61481 61445 1592 1592 1610 1610 176 221 43
61490 61463 61490 61463 1631 1631 1640 1640 20 134 25
1510 1546 1510 1546 1547 1547 1565 1565 157 202 198
61171 61144 61171 61144 1608 1608 1617 1617 246 134 98
1510 1537 1510 1537 1571 1571 1580 1580 229 5 151
Current Objects
End Step
SimulationStep: 112
Current Pedestrians
60027 1583 false
52587 1605 false
35364 1558 false
15228 1664 false
48666 1547 false
22248 1547 false
5833 1515 false
33021 1530 false
11554 1613 false
59919 1560 false
5343 1604 false
58583 1560 false
26804 1635 false
32435 1588 false
2053 1635 false
31818 1635 false
48193 1635 false
29752 1534 false
30521 1650 false
Current Vehicles
32551 32578 32551 32578 1571 1571 1580 1580 161 7 102
58909 58873 58909 58873 1607 1607 1625 1625 33 168 133
49417 49390 49417 49390 1586 1586 1595 1595 183 180 155
14324 14363 14324 14363 1561 1561 1582 1582 46 113 112
32529 32556 32529 32556 1571 1571 1580 1580 237 53 56
59027 58991 59027 58991 1615 1615 1633 1633 117 138 162
58918 58882 58918 58882 1630 1630 1648 1648 81 222 16
18486 18561 18486 18561 1555 1555 1581 1581 90 30 98
32535 32562 32535 32562 1571 1571 1580 1580 24 16 141
50667 50640 50667 50640 1586 1586 1595 1595 140 255 122
59094 59058 59094 59058 1585 1585 1603 1603 25 31 75
14298 14338 14298 14338 1546 1546 1567 1567 158 131 134
50615 50588 50615 50588 1586 1586 1595 1595 215 172 101
3848 3884 3848 3884 1562 1562 1580 1580 202 106 193
4424 4460 4424 4460 1562 1562 1580 1580 236 99 3
58978 58950 58978 58950 1623 1623 1631 1631 24 95 148
50439 50412 50439 50412 1586 1586 1595 1595 85 19 47
59340 59304 59340 59304 1585 1585 1603 1603 22 249 45
58940 58900 58940 58900 1583 1583 1604 1604 8 19 80
9081 9121 9081 9121 1546 1546 1567 1567 128 230 77
58945 58917 58945 58917 1616 1616 1624 1624 117 250 78
10405 10444 10405 10444 1553 1553 1574 1574 65 123 30
3330 3366 3330 3366 1562 1562 1580 1580 208 74 81
50449 50422 50449 50422 1586 1586 1595 1595 159 180 214
3548 3584 3548 3584 1562 1562 1580 1580 168 214 138
59017 58990 59017 58990 1593 1593 1602 1602 206 166 88
2744 2780 2744 2780 1562 1562 1580 1580 91 106 199
59685 59649 59685 59649 1615 1615 1633 1633 152 7 223
50618 50591 50618 50591 1586 1586 1595 1595 146 9 139
3063 3099 3063 3099 1562 1562 1580 1580 40 204 106
2530 2566 2530 2566 1562 1562 1580 1580 208 93 191
59041 59001 59041 59001 1583 1583 1604 1604 60 36 147
2247 2274 2247 2274 1556 1556 1565 1565 222 15 127
2320 2360 2320 2360 1553 1553 1574 1574 67 229 37
60220 60191 60220 60191 1586 1586 1594 1594 151 72 225
59292 59265 59292 59265 1593 1593 1602 1602 167 110 2
2290 2317 2290 2317 1556 1556 1565 1565 182 191 64
2425 2461 2425 2461 1547 1547 1565 1565 47 111 119
60075 60039 60075 60039 1630 1630 1648 1648 105 25 76
2052 2079 2052 2079 1556 1556 1565 1565 194 211 120
59323 59296 59323 59296 1631 1631 1640 1640 208 133 248
59288 59261 59288 59261 1623 1623 1632 1632 140 102 167
2293 2333 2293 2333 1531 1531 1552 1552 27 138 238
2383 2422 2383 2422 1561 1561 1582 1582 50 151 120
59337 59297 59337 59297 1606 1606 1627 1627 11 238 156
2060 2100 2060 2100 1561 1561 1582 1582 124 52 221
2425 2461 2425 2461 1525 1525 1543 1543 152 84 33
2084 2111 2084 2111 1548 1548 1557 1557 156 76 101
59252 59225 59252 59225 1608 1608 1617 1617 198 174 240
2063 2099 2063 2099 1517 1517 1535 1535 165 240 36
1997 2033 1997 2033 1540 1540 1558 1558 212 15 40
59557 59482 59557 59482 1607 1607 1633 1633 189 28 136
59281 59254 59281 59254 1616 1616 1625 1625 244 165 62
60189 60162 60189 60162 1608 1608 1617 1617 130 246 10
60842 60806 60842 60806 1622 1622 1640 1640 40 198 42
60545 60517 60545 60517 1601 1601 1609 1609 144 213 97
1844 1880 1844 1880 1517 1517 1535 1535 37 72 125
1968 2004 1968 2004 1562 1562 1580 1580 80 239 124
2314 2353 2314 2353 1516 1516 1537 1537 231 182 202
59520 59493 59520 59493 1631 1631 1640 1640 228 178 250
1795 1831 1795 1831 1555 1555 1573 1573 94 121 71
61330 61294 61330 61294 1615 1615 1633 1633 202 119 182
2220 2247 2220 2247 1563 1563 1572 1572 236 86 88
60560 60533 60560 60533 1586 1586 1595 1595 42 148 202
1531 1567 1531 1567 1525 1525 1543 1543 53 184 12
61469 61433 61469 61433 1592 1592 1610 1610 176 221 43
61452 61425 61452 61425 1638 1638 1647 1647 20 134 25
1519 1555 1519 1555 1547 1547 1565 1565 157 202 198
60993 60966 60993 60966 1608 1608 1617 1617 246 134 98
1539 1566 1539 1566 1571 1571 1580 1580 229 5 151
61490 61463 61490 61463 1616 1616 1625 1625 44 117 174
Current Objects
End Step
SimulationStep: 113
Current Pedestrians
60027 1584 false
52587 1605 false
35364 1559 false
15228 1667 false
48666 1548 false
22248 1547 false
5833 1515 false
33021 1530 false
11554 1615 false
59919 1560 false
5343 1606 false
58583 1545 false
26804 1620 false
32435 1590 false
2053 1635 false
31818 1635 false
48193 1635 false
29752 1536 false
30521 1650 false
Current Vehicles
32551 32578 32551 32578 1571 1571 1580 1580 161 7 102
58909 58873 58909 58873 1607 1607 1625 1625 33 168 133
49417 49390 49417 49390 1586 1586 1595 1595 183 180 155
14324 14363 14324 14363 1561 1561 1582 1582 46 113 112
32529 32556 32529 32556 1571 1571 1580 1580 237 53 56
59027 58991 59027 58991 1622 1622 1640 1640 117 138 162
58918 58882 58918 58882 1630 1630 1648 1648 81 222 16
18486 18561 18486 18561 1555 1555 1581 1581 90 30 98
32535 32562 32535 32562 1571 1571 1580 1580 24 16 141
50667 50640 50667 50640 1586 1586 1595 1595 140 255 122
59093 59057 59093 59057 1592 1592 1610 1610 25 31 75
14298 14338 14298 14338 1546 1546 1567 1567 158 131 134
50615 50588 50615 50588 1586 1586 1595 1595 215 172 101
3881 3917 3881 3917 1562 1562 1580 1580 202 106 193
4458 4494 4458 4494 1562 1562 1580 1580 236 99 3
58978 58949 58978 58949 1623 1623 1631 1631 24 95 148
50439 50412 50439 50412 1586 1586 1595 1595 85 19 47
59332 59296 59332 59296 1585 1585 1603 1603 22 249 45
58940 58900 58940 58900 1583 1583 1604 1604 8 19 80
9248 9287 9248 9287 1546 1546 1567 1567 128 230 77
58945 58917 58945 58917 1616 1616 1624 1624 117 250 78
10571 10611 10571 10611 1553 1553 1574 1574 65 123 30
3363 3399 3363 3399 1562 1562 1580 1580 208 74 81
50449 50422 50449 50422 1586 1586 1595 1595 159 180 214
3582 3618 3582 3618 1562 1562 1580 1580 168 214 138
59017 58990 59017 58990 1593 1593 1602 1602 206 166 88
2776 2812 2776 2812 1562 1562 1580 1580 91 106 199
59652 59616 59652 59616 1615 1615 1633 1633 152 7 223
50618 50591 50618 50591 1586 1586 1595 1595 146 9 139
3096 3132 3096 3132 1562 1562 1580 1580 40 204 106
2555 2591 2555 2591 1562 1562 1580 1580 208 93 191
59041 59001 59041 59001 1583 1583 1604 1604 60 36 147
2247 2274 2247 2274 1556 1556 1565 1565 222 15 127
2344 2384 2344 2384 1561 1561 1582 1582 67 229 37
60215 60187 60215 60187 1586 1586 1594 1594 151 72 225
59292 59265 59292 59265 1593 1593 1602 1602 167 110 2
2290 2317 2290 2317 1556 1556 1565 1565 182 191 64
2425 2461 2425 2461 1547 1547 1565 1565 47 111 119
60042 60006 60042 60006 1630 1630 1648 1648 105 25 76
2052 2079 2052 2079 1556 1556 1565 1565 194 211 120
59323 59296 59323 59296 1631 1631 1640 1640 208 133 248
59288 59261 59288 59261 1623 1623 1632 1632 140 102 167
2293 2333 2293 2333 1531 1531 1552 1552 27 138 238
2383 2422 2383 2422 1561 1561 1582 1582 50 151 120
59330 59291 59330 59291 1606 1606 1627 1627 11 238 156
2102 2142 2102 2142 1561 1561 1582 1582 124 52 221
2425 2461 2425 2461 1525 1525 1543 1543 152 84 33
2084 2111 2084 2111 1548 1548 1557 1557 156 76 101
59252 59225 59252 59225 1608 1608 1617 1617 198 174 240
2072 2108 2072 2108 1517 1517 1535 1535 165 240 36
2007 2043 2007 2043 1540 1540 1558 1558 212 15 40
59504 59429 59504 59429 1607 1607 1633 1633 189 28 136
59281 59254 59281 59254 1616 1616 1625 1625 244 165 62
60032 60005 60032 60005 1601 1601 1610 1610 130 246 10
60809 60773 60809 60773 1622 1622 1640 1640 40 198 42
60544 60516 60544 60516 1608 1608 1616 1616 144 213 97
1876 1912 1876 1912 1517 1517 1535 1535 37 72 125
1977 2013 1977 2013 1562 1562 1580 1580 80 239 124
2314 2353 2314 2353 1516 1516 1537 1537 231 182 202
59520 59493 59520 59493 1631 1631 1640 1640 228 178 250
1827 1863 1827 1863 1555 1555 1573 1573 94 121 71
61302 61266 61302 61266 1615 1615 1633 1633 202 119 182
2253 2280 2253 2280 1563 1563 1572 1572 236 86 88
60259 60232 60259 60232 1616 1616 1625 1625 42 148 202
1548 1584 1548 1584 1525 1525 1543 1543 53 184 12
61452 61416 61452 61416 1592 1592 1610 1610 176 221 43
61393 61366 61393 61366 1638 1638 1647 1647 20 134 25
1531 1567 1531 1567 1547 1547 1565 1565 157 202 198
60626 60599 60626 60599 1593 1593 1602 1602 246 134 98
1598 1625 1598 1625 1571 1571 1580 1580 229 5 151
61426 61399 61426 61399 1631 1631 1640 1640 44 117 174
Current Objects
End Step
SimulationStep: 114
Current Pedestrians
60027 1585 false
52587 1605 false
35364 1559 false
15228 1667 false
48666 1549 false
22248 1548 false
5833 1515 false
33021 1530 false
11554 1617 false
59919 1545 false
5343 1608 false
58583 1545 false
26804 1620 false
32435 1592 false
2053 1635 false
31818 1635 false
48193 1635 false
29752 1538 false
30521 1650 false
Current Vehicles
32551 32578 32551 32578 1571 1571 1580 1580 161 7 102
58909 58873 58909 58873 1607 1607 1625 1625 33 168 133
49417 49390 49417 49390 1586 1586 1595 1595 183 180 155
14324 14363 14324 14363 1561 1561 1582 1582 46 113 112
32529 32556 32529 32556 1571 1571 1580 1580 237 53 56
59026 58990 59026 58990 1622 1622 1640 1640 117 138 162
58918 58882 58918 58882 1630 1630 1648 1648 81 222 16
18486 18561 18486 18561 1555 1555 1581 1581 90 30 98
32535 32562 32535 32562 1571 1571 1580 1580 24 16 141
50667 50640 50667 50640 1586 1586 1595 1595 140 255 122
59090 59054 59090 59054 1592 1592 1610 1610 25 31 75
14298 14338 14298 14338 1546 1546 1567 1567 158 131 134
50615 50588 50615 50588 1586 1586 1595 1595 215 172 101
3915 3951 3915 3951 1562 1562 1580 1580 202 106 193
4491 4527 4491 4527 1562 1562 1580 1580 236 99 3
58978 58949 58978 58949 1623 1623 1631 1631 24 95 148
50439 50412 50439 50412 1586 1586 1595 1595 85 19 47
59326 59290 59326 59290 1585 1585 1603 1603 22 249 45
58940 58900 58940 58900 1583 1583 1604 1604 8 19 80
9414 9454 9414 9454 1546 1546 1567 1567 128 230 77
58945 58917 58945 58917 1616 1616 1624 1624 117 250 78
10738 10778 10738 10778 1553 1553 1574 1574 65 123 30
3397 3433 3397 3433 1562 1562 1580 1580 208 74 81
50449 50422 50449 50422 1586 1586 1595 1595 159 180 214
3615 3651 3615 3651 1562 1562 1580 1580 168 214 138
59017 58990 59017 58990 1593 1593 1602 1602 206 166 88
2809 2845 2809 2845 1562 1562 1580 1580 91 106 199
59618 59582 59618 59582 1615 1615 1633 1633 152 7 223
50618 50591 50618 50591 1586 1586 1595 1595 146 9 139
3130 3166 3130 3166 1562 1562 1580 1580 40 204 106
2582 2618 2582 2618 1562 1562 1580 1580 208 93 191
59041 59001 59041 59001 1583 1583 1604 1604 60 36 147
2247 2274 2247 2274 1556 1556 1565 1565 222 15 127
2350 2390 2350 2390 1553 1553 1574 1574 67 229 37
60206 60178 60206 60178 1586 1586 1594 1594 151 72 225
59292 59265 59292 59265 1593 1593 1602 1602 167 110 2
2290 2317 2290 2317 1556 1556 1565 1565 182 191 64
2425 2461 2425 2461 1547 1547 1565 1565 47 111 119
60009 59973 60009 59973 1630 1630 1648 1648 105 25 76
2052 2079 2052 2079 1556 1556 1565 1565 194 211 120
59323 59296 59323 59296 1631 1631 1640 1640 208 133 248
59288 59261 59288 59261 1623 1623 1632 1632 140 102 167
2293 2333 2293 2333 1531 1531 1552 1552 27 138 238
2383 2422 2383 2422 1561 1561 1582 1582 50 151 120
59326 59286 59326 59286 1606 1606 1627 1627 11 238 156
2161 2200 2161 2200 1561 1561 1582 1582 124 52 221
2425 2461 2425 2461 1525 1525 1543 1543 152 84 33
2084 2111 2084 2111 1548 1548 1557 1557 156 76 101
59252 59225 59252 59225 1608 1608 1617 1617 198 174 240
2084 2120 2084 2120 1517 1517 1535 1535 165 240 36
2007 2043 2007 2043 1532 1532 1550 1550 212 15 40
59446 59371 59446 59371 1615 1615 1641 1641 189 28 136
59281 59254 59281 59254 1616 1616 1625 1625 244 165 62
60023 59996 60023 59996 1601 1601 1610 1610 130 246 10
60775 60739 60775 60739 1622 1622 1640 1640 40 198 42
60543 60514 60543 60514 1601 1601 1609 1609 144 213 97
1908 1944 1908 1944 1517 1517 1535 1535 37 72 125
1989 2025 1989 2025 1562 1562 1580 1580 80 239 124
2314 2353 2314 2353 1516 1516 1537 1537 231 182 202
59520 59493 59520 59493 1631 1631 1640 1640 228 178 250
1860 1896 1860 1896 1555 1555 1573 1573 94 121 71
61276 61240 61276 61240 1615 1615 1633 1633 202 119 182
2272 2299 2272 2299 1563 1563 1572 1572 236 86 88
60075 60048 60075 60048 1616 1616 1625 1625 42 148 202
1567 1603 1567 1603 1525 1525 1543 1543 53 184 12
61433 61397 61433 61397 1592 1592 1610 1610 176 221 43
61298 61271 61298 61271 1638 1638 1647 1647 20 134 25
1548 1584 1548 1584 1547 1547 1565 1565 157 202 198
60626 60599 60626 60599 1616 1616 1625 1625 246 134 98
1662 1689 1662 1689 1570 1571 1579 1580 229 5 151
61364 61337 61364 61337 1631 1631 1640 1640 44 117 174
61498 61472 61498 61472 1623 1623 1632 1632 168 149 220
61498 61462 61498 61462 1637 1637 1655 1655 208 132 95
Current Objects
End Step
SimulationStep: 115
Current Pedestrians
60027 1585 false
52587 1590 false
35364 1560 false
48666 1550 false
22248 1549 false
5833 1515 false
33021 1530 false
11554 1619 false
59919 1545 false
5343 1610 false
58583 1545 false
26804 1620 false
32435 1595 false
2053 1635 false
31818 1635 false
48193 1635 false
29752 1541 false
30521 1650 false
Current Vehicles
32551 32578 32551 32578 1571 1571 1580 1580 161 7 102
58909 58873 58909 58873 1607 1607 1625 1625 33 168 133
49417 49390 49417 49390 1586 1586 1595 1595 183 180 155
14324 14363 14324 14363 1561 1561 1582 1582 46 113 112
32529 32556 32529 32556 1571 1571 1580 1580 237 53 56
59023 58987 59023 58987 1622 1622 1640 1640 117 138 162
58918 58882 58918 58882 1630 1630 1648 1648 81 222 16
18486 18561 18486 18561 1555 1555 1581 1581 90 30 98
32535 32562 32535 32562 1571 1571 1580 1580 24 16 141
50667 50640 50667 50640 1586 1586 1595 1595 140 255 122
59085 59049 59085 59049 1592 1592 1610 1610 25 31 75
14298 14338 14298 14338 1546 1546 1567 1567 158 131 134
50615 50588 50615 50588 1586 1586 1595 1595 215 172 101
3948 3984 3948 3984 1562 1562 1580 1580 202 106 193
4524 4560 4524 4560 1562 1562 1580 1580 236 99 3
58978 58949 58978 58949 1623 1623 1631 1631 24 95 148
50439 50412 50439 50412 1586 1586 1595 1595 85 19 47
59316 59280 59316 59280 1585 1585 1603 1603 22 249 45
58940 58900 58940 58900 1583 1583 1604 1604 8 19 80
9581 9620 9581 9620 1546 1546 1567 1567 128 230 77
58945 58917 58945 58917 1616 1616 1624 1624 117 250 78
10905 10944 10905 10944 1553 1553 1574 1574 65 123 30
3430 3466 3430 3466 1562 1562 1580 1580 208 74 81
50449 50422 50449 50422 1586 1586 1595 1595 159 180 214
3648 3684 3648 3684 1562 1562 1580 1580 168 214 138
59017 58990 59017 58990 1593 1593 1602 1602 206 166 88
2841 2877 2841 2877 1562 1562 1580 1580 91 106 199
59585 59549 59585 59549 1615 1615 1633 1633 152 7 223
50618 50591 50618 50591 1586 1586 1595 1595 146 9 139
3163 3199 3163 3199 1562 1562 1580 1580 40 204 106
2611 2647 2611 2647 1562 1562 1580 1580 208 93 191
59041 59001 59041 59001 1583 1583 1604 1604 60 36 147
2247 2274 2247 2274 1556 1556 1565 1565 222 15 127
2350 2390 2350 2390 1553 1553 1574 1574 67 229 37
60192 60163 60192 60163 1586 1586 1594 1594 151 72 225
59292 59265 59292 59265 1593 1593 1602 1602 167 110 2
2290 2317 2290 2317 1556 1556 1565 1565 182 191 64
2425 2461 2425 2461 1547 1547 1565 1565 47 111 119
59975 59939 59975 59939 1630 1630 1648 1648 105 25 76
2052 2079 2052 2079 1556 1556 1565 1565 194 211 120
59323 59296 59323 59296 1631 1631 1640 1640 208 133 248
59288 59261 59288 59261 1623 1623 1632 1632 140 102 167
2293 2333 2293 2333 1531 1531 1552 1552 27 138 238
2383 2423 2383 2423 1561 1561 1582 1582 50 151 120
59321 59281 59321 59281 1606 1606 1627 1627 11 238 156
2213 2253 2213 2253 1561 1561 1582 1582 124 52 221
2425 2461 2425 2461 1525 1525 1543 1543 152 84 33
2084 2111 2084 2111 1548 1548 1557 1557 156 76 101
59252 59225 59252 59225 1608 1608 1617 1617 198 174 240
2100 2136 2100 2136 1517 1517 1535 1535 165 240 36
2010 2046 2010 2046 1532 1532 1550 1550 212 15 40
59415 59340 59415 59340 1607 1607 1633 1633 189 28 136
59281 59254 59281 59254 1616 1616 1625 1625 244 165 62
59994 59967 59994 59967 1600 1601 1609 1610 130 246 10
60742 60706 60742 60706 1622 1622 1640 1640 40 198 42
60538 60510 60538 60510 1601 1601 1609 1609 144 213 97
1940 1976 1940 1976 1517 1517 1535 1535 37 72 125
2002 2038 2002 2038 1562 1562 1580 1580 80 239 124
2314 2353 2314 2353 1516 1516 1537 1537 231 182 202
59452 59425 59452 59425 1616 1616 1625 1625 228 178 250
1893 1929 1893 1929 1555 1555 1573 1573 94 121 71
61248 61212 61248 61212 1615 1615 1633 1633 202 119 182
2299 2326 2299 2326 1563 1563 1572 1572 236 86 88
59786 59759 59786 59759 1601 1601 1610 1610 42 148 202
1590 1626 1590 1626 1525 1525 1543 1543 53 184 12
61410 61374 61410 61374 1592 1592 1610 1610 176 221 43
61162 61135 61162 61135 1608 1608 1617 1617 20 134 25
1567 1603 1567 1603 1547 1547 1565 1565 157 202 198
60618 60591 60618 60591 1616 1616 1625 1625 246 134 98
1731 1758 1731 1758 1571 1571 1580 1580 229 5 151
61356 61329 61356 61329 1638 1638 1647 1647 44 117 174
61490 61463 61490 61463 1623 1623 1632 1632 168 149 220
61495 61459 61495 61459 1637 1637 1655 1655 208 132 95
Current Objects
End Step
SimulationStep: 116
Current Pedestrians
60027 1586 false
52587 1590 false
35364 1561 false
48666 1550 false
22248 1550 false
5833 1515 false
33021 1530 false
11554 1622 false
59919 1545 false
5343 1613 false
58583 1545 false
26804 1620 false
32435 1597 false
2053 1635 false
31818 1635 false
48193 1635 false
29752 1543 false
30521 1650 false
Current Vehicles
32551 32578 32551 32578 1571 1571 1580 1580 161 7 102
58909 58873 58909 58873 1607 1607 1625 1625 33 168 133
49417 49390 49417 49390 1586 1586 1595 1595 183 180 155
14324 14363 14324 14363 1561 1561 1582 1582 46 113 112
32529 32556 32529 32556 1571 1571 1580 1580 237 53 56
59023 58987 59023 58987 1615 1615 1633 1633 117 138 162
58918 58882 58918 58882 1630 1630 1648 1648 81 222 16
18486 18561 18486 18561 1555 1555 1581 1581 90 30 98
32535 32562 32535 32562 1571 1571 1580 1580 24 16 141
50667 50640 50667 50640 1586 1586 1595 1595 140 255 122
59084 59048 59084 59048 1600 1600 1618 1618 25 31 75
14298 14338 14298 14338 1546 1546 1567 1567 158 131 134
50615 50588 50615 50588 1586 1586 1595 1595 215 172 101
3981 4017 3981 4017 1562 1562 1580 1580 202 106 193
4558 4594 4558 4594 1562 1562 1580 1580 236 99 3
58977 58948 58977 58948 1623 1623 1631 1631 24 95 148
50439 50412 50439 50412 1586 1586 1595 1595 85 19 47
59302 59266 59302 59266 1585 1585 1603 1603 22 249 45
58940 58900 58940 58900 1583 1583 1604 1604 8 19 80
9747 9787 9747 9787 1546 1546 1567 1567 128 230 77
58945 58917 58945 58917 1616 1616 1624 1624 117 250 78
11071 11111 11071 11111 1553 1553 1574 1574 65 123 30
3463 3499 3463 3499 1562 1562 1580 1580 208 74 81
50449 50422 50449 50422 1586 1586 1595 1595 159 180 214
3682 3718 3682 3718 1562 1562 1580 1580 168 214 138
59017 58990 59017 58990 1593 1593 1602 1602 206 166 88
2874 2910 2874 2910 1562 1562 1580 1580 91 106 199
59552 59516 59552 59516 1615 1615 1633 1633 152 7 223
50618 50591 50618 50591 1586 1586 1595 1595 146 9 139
3196 3232 3196 3232 1562 1562 1580 1580 40 204 106
2641 2677 2641 2677 1562 1562 1580 1580 208 93 191
59041 59001 59041 59001 1583 1583 1604 1604 60 36 147
2247 2274 2247 2274 1556 1556 1565 1565 222 15 127
2350 2390 2350 2390 1553 1553 1574 1574 67 229 37
60172 60143 60172 60143 1586 1586 1594 1594 151 72 225
59292 59265 59292 59265 1593 1593 1602 1602 167 110 2
2290 2317 2290 2317 1556 1556 1565 1565 182 191 64
2425 2461 2425 2461 1547 1547 1565 1565 47 111 119
59942 59906 59942 59906 1630 1630 1648 1648 105 25 76
2052 2079 2052 2079 1556 1556 1565 1565 194 211 120
59323 59296 59323 59296 1631 1631 1640 1640 208 133 248
59288 59261 59288 59261 1623 1623 1632 1632 140 102 167
2293 2333 2293 2333 1531 1531 1552 1552 27 138 238
2383 2423 2383 2423 1561 1561 1582 1582 50 151 120
59314 59274 59314 59274 1606 1606 1627 1627 11 238 156
2246 2286 2246 2286 1561 1561 1582 1582 124 52 221
2425 2461 2425 2461 1525 1525 1543 1543 152 84 33
2084 2111 2084 2111 1548 1548 1557 1557 156 76 101
59252 59225 59252 59225 1608 1608 1617 1617 198 174 240
2120 2156 2120 2156 1517 1517 1535 1535 165 240 36
2015 2051 2015 2051 1532 1532 1550 1550 212 15 40
59405 59330 59405 59330 1607 1607 1633 1633 189 28 136
59281 59254 59281 59254 1616 1616 1625 1625 244 165 62
59935 59908 59935 59908 1601 1601 1610 1610 130 246 10
60709 60673 60709 60673 1622 1622 1640 1640 40 198 42
60529 60501 60529 60501 1601 1601 1609 1609 144 213 97
1967 2003 1967 2003 1517 1517 1535 1535 37 72 125
2008 2044 2008 2044 1562 1562 1580 1580 80 239 124
2314 2353 2314 2353 1516 1516 1537 1537 231 182 202
59444 59417 59444 59417 1616 1616 1625 1625 228 178 250
1916 1952 1916 1952 1555 1555 1573 1573 94 121 71
61248 61212 61248 61212 1607 1607 1625 1625 202 119 182
2299 2326 2299 2326 1563 1563 1572 1572 236 86 88
59758 59731 59758 59731 1601 1601 1610 1610 42 148 202
1615 1651 1615 1651 1525 1525 1543 1543 53 184 12
61385 61349 61385 61349 1592 1592 1610 1610 176 221 43
61154 61127 61154 61127 1608 1608 1617 1617 20 134 25
1590 1626 1590 1626 1547 1547 1565 1565 157 202 198
60589 60562 60589 60562 1615 1616 1624 1625 246 134 98
1815 1842 1815 1842 1571 1571 1580 1580 229 5 151
61326 61299 61326 61299 1638 1638 1647 1647 44 117 174
61461 61434 61461 61434 1623 1623 1632 1632 168 149 220
61490 61454 61490 61454 1637 1637 1655 1655 208 132 95
Current Objects
End Step
SimulationStep: 117
Current Pedestrians
60027 1587 false
52587 1590 false
35364 1562 false
48666 1551 false
22248 1550 false
5833 1500 false
33021 1530 false
11554 1624 false
59919 1545 false
5343 1615 false
58583 1545 false
26804 1620 false
32435 1599 false
2053 1635 false
31818 1635 false
48193 1635 false
29752 1545 false
30521 1650 false
57773 1501 false
Current Vehicles
32551 32578 32551 32578 1571 1571 1580 1580 161 7 102
58909 58873 58909 58873 1607 1607 1625 1625 33 168 133
49417 49390 49417 49390 1586 1586 1595 1595 183 180 155
14324 14363 14324 14363 1561 1561 1582 1582 46 113 112
32529 32556 32529 32556 1571 1571 1580 1580 237 53 56
59022 58986 59022 58986 1622 1622 1640 1640 117 138 162
58918 58882 58918 58882 1630 1630 1648 1648 81 222 16
18486 18561 18486 18561 1555 1555 1581 1581 90 30 98
32535 32562 32535 32562 1571 1571 1580 1580 24 16 141
50667 50640 50667 50640 1586 1586 1595 1595 140 255 122
59082 59046 59082 59046 1600 1600 1618 1618 25 31 75
14298 14338 14298 14338 1546 1546 1567 1567 158 131 134
50615 50588 50615 50588 1586 1586 1595 1595 215 172 101
4014 4050 4014 4050 1562 1562 1580 1580 202 106 193
4591 4627 4591 4627 1562 1562 1580 1580 236 99 3
58977 58948 58977 58948 1623 1623 1631 1631 24 95 148
50439 50412 50439 50412 1586 1586 1595 1595 85 19 47
59285 59249 59285 59249 1585 1585 1603 1603 22 249 45
58940 58900 58940 58900 1583 1583 1604 1604 8 19 80
9914 9954 9914 9954 1546 1546 1567 1567 128 230 77
58945 58917 58945 58917 1616 1616 1624 1624 117 250 78
11238 11278 11238 11278 1553 1553 1574 1574 65 123 30
3497 3533 3497 3533 1562 1562 1580 1580 208 74 81
50449 50422 50449 50422 1586 1586 1595 1595 159 180 214
3715 3751 3715 3751 1562 1562 1580 1580 168 214 138
59017 58990 59017 58990 1593 1593 1602 1602 206 166 88
2907 2943 2907 2943 1562 1562 1580 1580 91 106 199
59519 59483 59519 59483 1615 1615 1633 1633 152 7 223
50618 50591 50618 50591 1586 1586 1595 1595 146 9 139
3230 3266 3230 3266 1562 1562 1580 1580 40 204 106
2672 2708 2672 2708 1562 1562 1580 1580 208 93 191
59041 59001 59041 59001 1583 1583 1604 1604 60 36 147
2247 2274 2247 2274 1556 1556 1565 1565 222 15 127
2350 2390 2350 2390 1553 1553 1574 1574 67 229 37
60145 60116 60145 60116 1586 1586 1594 1594 151 72 225
59292 59265 59292 59265 1593 1593 1602 1602 167 110 2
2290 2317 2290 2317 1556 1556 1565 1565 182 191 64
2425 2461 2425 2461 1547 1547 1565 1565 47 111 119
59909 59873 59909 59873 1630 1630 1648 1648 105 25 76
2052 2079 2052 2079 1556 1556 1565 1565 194 211 120
59323 59296 59323 59296 1631 1631 1640 1640 208 133 248
59288 59261 59288 59261 1623 1623 1632 1632 140 102 167
2293 2333 2293 2333 1531 1531 1552 1552 27 138 238
2384 2423 2384 2423 1561 1561 1582 1582 50 151 120
59296 59257 59296 59257 1606 1606 1627 1627 11 238 156
2263 2303 2263 2303 1561 1561 1582 1582 124 52 221
2425 2461 2425 2461 1525 1525 1543 1543 152 84 33
2084 2111 2084 2111 1548 1548 1557 1557 156 76 101
59252 59225 59252 59225 1608 1608 1617 1617 198 174 240
2142 2178 2142 2178 1517 1517 1535 1535 165 240 36
2024 2060 2024 2060 1532 1532 1550 1550 212 15 40
59405 59330 59405 59330 1607 1607 1633 1633 189 28 136
59281 59254 59281 59254 1616 1616 1625 1625 244 165 62
59856 59829 59856 59829 1601 1601 1610 1610 130 246 10
60675 60639 60675 60639 1622 1622 1640 1640 40 198 42
60515 60487 60515 60487 1601 1601 1609 1609 144 213 97
1968 2004 1968 2004 1532 1532 1550 1550 37 72 125
2010 2046 2010 2046 1562 1562 1580 1580 80 239 124
2314 2353 2314 2353 1516 1516 1537 1537 231 182 202
59440 59413 59440 59413 1616 1616 1625 1625 228 178 250
1932 1968 1932 1968 1555 1555 1573 1573 94 121 71
61245 61209 61245 61209 1607 1607 1625 1625 202 119 182
2304 2331 2304 2331 1563 1563 1572 1572 236 86 88
59700 59673 59700 59673 1601 1601 1610 1610 42 148 202
1642 1678 1642 1678 1525 1525 1543 1543 53 184 12
61358 61322 61358 61322 1592 1592 1610 1610 176 221 43
61125 61098 61125 61098 1608 1608 1617 1617 20 134 25
1615 1651 1615 1651 1547 1547 1565 1565 157 202 198
60530 60503 60530 60503 1616 1616 1625 1625 246 134 98
1870 1897 1870 1897 1570 1571 1579 1580 229 5 151
61267 61240 61267 61240 1638 1638 1647 1647 44 117 174
61402 61375 61402 61375 1631 1631 1640 1640 168 149 220
61481 61445 61481 61445 1637 1637 1655 1655 208 132 95
1502 1541 1502 1541 1531 1531 1552 1552 112 253 145
Current Objects
End Step
SimulationStep: 118
Current Pedestrians
60027 1588 false
52587 1590 false
35364 1562 false
48666 1552 false
22248 1551 false
5833 1500 false
33021 1515 false
11554 1626 false
59919 1545 false
5343 1617 false
58583 1545 false
26804 1620 false
32435 1601 false
2053 1620 false
31818 1635 false
48193 1635 false
29752 1547 false
30521 1650 false
57773 1502 false
Current Vehicles
32551 32578 32551 32578 1571 1571 1580 1580 161 7 102
58909 58873 58909 58873 1607 1607 1625 1625 33 168 133
49417 49390 49417 49390 1586 1586 1595 1595 183 180 155
14324 14363 14324 14363 1561 1561 1582 1582 46 113 112
32529 32556 32529 32556 1571 1571 1580 1580 237 53 56
59022 58986 59022 58986 1615 1615 1633 1633 117 138 162
58918 58882 58918 58882 1630 1630 1648 1648 81 222 16
18486 18561 18486 18561 1555 1555 1581 1581 90 30 98
32535 32562 32535 32562 1571 1571 1580 1580 24 16 141
50667 50640 50667 50640 1586 1586 1595 1595 140 255 122
59081 59045 59081 59045 1607 1607 1625 1625 25 31 75
14298 14338 14298 14338 1546 1546 1567 1567 158 131 134
50615 50588 50615 50588 1586 1586 1595 1595 215 172 101
4048 4084 4048 4084 1562 1562 1580 1580 202 106 193
4624 4660 4624 4660 1562 1562 1580 1580 236 99 3
58977 58948 58977 58948 1623 1623 1631 1631 24 95 148
50439 50412 50439 50412 1586 1586 1595 1595 85 19 47
59264 59228 59264 59228 1585 1585 1603 1603 22 249 45
58940 58900 58940 58900 1583 1583 1604 1604 8 19 80
10080 10120 10080 10120 1553 1553 1574 1574 128 230 77
58945 58917 58945 58917 1616 1616 1624 1624 117 250 78
11405 11444 11405 11444 1553 1553 1574 1574 65 123 30
3530 3566 3530 3566 1562 1562 1580 1580 208 74 81
50449 50422 50449 50422 1586 1586 1595 1595 159 180 214
3748 3784 3748 3784 1562 1562 1580 1580 168 214 138
59017 58990 59017 58990 1593 1593 1602 1602 206 166 88
2940 2976 2940 2976 1562 1562 1580 1580 91 106 199
59518 59482 59518 59482 1592 1592 1610 1610 152 7 223
50618 50591 50618 50591 1586 1586 1595 1595 146 9 139
3263 3299 3263 3299 1562 1562 1580 1580 40 204 106
2703 2739 2703 2739 1562 1562 1580 1580 208 93 191
59041 59001 59041 59001 1583 1583 1604 1604 60 36 147
2247 2274 2247 2274 1556 1556 1565 1565 222 15 127
2350 2390 2350 2390 1553 1553 1574 1574 67 229 37
60074 60046 60074 60046 1593 1593 1601 1601 151 72 225
59292 59265 59292 59265 1593 1593 1602 1602 167 110 2
2290 2317 2290 2317 1556 1556 1565 1565 182 191 64
2425 2461 2425 2461 1547 1547 1565 1565 47 111 119
59875 59839 59875 59839 1630 1630 1648 1648 105 25 76
2052 2079 2052 2079 1556 1556 1565 1565 194 211 120
59323 59296 59323 59296 1631 1631 1640 1640 208 133 248
59288 59261 59288 59261 1623 1623 1632 1632 140 102 167
2293 2333 2293 2333 1531 1531 1552 1552 27 138 238
2384 2423 2384 2423 1561 1561 1582 1582 50 151 120
59275 59235 59275 59235 1606 1606 1627 1627 11 238 156
2263 2303 2263 2303 1561 1561 1582 1582 124 52 221
2425 2461 2425 2461 1525 1525 1543 1543 152 84 33
2084 2111 2084 2111 1548 1548 1557 1557 156 76 101
59252 59225 59252 59225 1608 1608 1617 1617 198 174 240
2167 2203 2167 2203 1517 1517 1535 1535 165 240 36
2037 2073 2037 2073 1532 1532 1550 1550 212 15 40
59396 59321 59396 59321 1600 1600 1626 1626 189 28 136
59281 59254 59281 59254 1616 1616 1625 1625 244 165 62
59779 59752 59779 59752 1601 1601 1610 1610 130 246 10
60642 60606 60642 60606 1622 1622 1640 1640 40 198 42
60495 60466 60495 60466 1601 1601 1609 1609 144 213 97
1970 2006 1970 2006 1532 1532 1550 1550 37 72 125
2010 2046 2010 2046 1562 1562 1580 1580 80 239 124
2314 2353 2314 2353 1516 1516 1537 1537 231 182 202
59434 59407 59434 59407 1616 1616 1625 1625 228 178 250
1949 1985 1949 1985 1555 1555 1573 1573 94 121 71
61239 61203 61239 61203 1607 1607 1625 1625 202 119 182
2308 2335 2308 2335 1563 1563 1572 1572 236 86 88
59572 59545 59572 59545 1615 1616 1624 1625 42 148 202
1670 1706 1670 1706 1525 1525 1543 1543 53 184 12
61330 61294 61330 61294 1592 1592 1610 1610 176 221 43
61066 61039 61066 61039 1608 1608 1617 1617 20 134 25
1642 1678 1642 1678 1547 1547 1565 1565 157 202 198
60434 60407 60434 60407 1616 1616 1625 1625 246 134 98
1901 1928 1901 1928 1571 1571 1580 1580 229 5 151
61172 61145 61172 61145 1638 1638 1647 1647 44 117 174
61393 61366 61393 61366 1631 1630 1640 1639 168 149 220
61469 61433 61469 61433 1637 1637 1655 1655 208 132 95
1505 1545 1505 1545 1531 1531 1552 1552 112 253 145
Current Objects
End Step
SimulationStep: 119
Current Pedestrians
60027 1588 false
52587 1590 false
35364 1563 false
48666 1553 false
22248 1552 false
5833 1500 false
33021 1515 false
11554 1628 false
59919 1545 false
5343 1619 false
58583 1545 false
26804 1620 false
32435 1604 false
2053 1620 false
31818 1635 false
48193 1635 false
29752 1550 false
30521 1650 false
57773 1502 false
Current Vehicles
32551 32578 32551 32578 1571 1571 1580 1580 161 7 102
58909 58873 58909 58873 1607 1607 1625 1625 33 168 133
49417 49390 49417 49390 1586 1586 1595 1595 183 180 155
14324 14363 14324 14363 1561 1561 1582 1582 46 113 112
32529 32556 32529 32556 1571 1571 1580 1580 237 53 56
59022 58986 59022 58986 1607 1607 1625 1625 117 138 162
58918 58882 58918 58882 1630 1630 1648 1648 81 222 16
18486 18561 18486 18561 1555 1555 1581 1581 90 30 98
32535 32562 32535 32562 1571 1571 1580 1580 24 16 141
50667 50640 50667 50640 1586 1586 1595 1595 140 255 122
59078 59042 59078 59042 1607 1607 1625 1625 25 31 75
14298 14338 14298 14338 1546 1546 1567 1567 158 131 134
50615 50588 50615 50588 1586 1586 1595 1595 215 172 101
4081 4117 4081 4117 1562 1562 1580 1580 202 106 193
4658 4694 4658 4694 1562 1562 1580 1580 236 99 3
58977 58948 58977 58948 1623 1623 1631 1631 24 95 148
50439 50412 50439 50412 1586 1586 1595 1595 85 19 47
59241 59205 59241 59205 1585 1585 1603 1603 22 249 45
58940 58900 58940 58900 1583 1583 1604 1604 8 19 80
10247 10287 10247 10287 1553 1553 1574 1574 128 230 77
58945 58917 58945 58917 1616 1616 1624 1624 117 250 78
11571 11611 11571 11611 1553 1553 1574 1574 65 123 30
3563 3599 3563 3599 1562 1562 1580 1580 208 74 81
50449 50422 50449 50422 1586 1586 1595 1595 159 180 214
3782 3818 3782 3818 1562 1562 1580 1580 168 214 138
59017 58990 59017 58990 1593 1593 1602 1602 206 166 88
2973 3009 2973 3009 1562 1562 1580 1580 91 106 199
59515 59479 59515 59479 1592 1592 1610 1610 152 7 223
50618 50591 50618 50591 1586 1586 1595 1595 146 9 139
3296 3332 3296 3332 1562 1562 1580 1580 40 204 106
2735 2771 2735 2771 1562 1562 1580 1580 208 93 191
59041 59001 59041 59001 1583 1583 1604 1604 60 36 147
2247 2274 2247 2274 1556 1556 1565 1565 222 15 127
2350 2390 2350 2390 1553 1553 1574 1574 67 229 37
60031 60003 60031 60003 1593 1593 1601 1601 151 72 225
59292 59265 59292 59265 1593 1593 1602 1602 167 110 2
2290 2317 2290 2317 1556 1556 1565 1565 182 191 64
2425 2461 2425 2461 1547 1547 1565 1565 47 111 119
59842 59806 59842 59806 1630 1630 1648 1648 105 25 76
2052 2079 2052 2079 1556 1556 1565 1565 194 211 120
59323 59296 59323 59296 1631 1631 1640 1640 208 133 248
59288 59261 59288 59261 1623 1623 1632 1632 140 102 167
2293 2333 2293 2333 1531 1531 1552 1552 27 138 238
2385 2425 2385 2425 1561 1561 1582 1582 50 151 120
59248 59208 59248 59208 1606 1606 1627 1627 11 238 156
2263 2303 2263 2303 1561 1561 1582 1582 124 52 221
2425 2461 2425 2461 1525 1525 1543 1543 152 84 33
2084 2111 2084 2111 1548 1548 1557 1557 156 76 101
59252 59225 59252 59225 1608 1608 1617 1617 198 174 240
2194 2230 2194 2230 1517 1517 1535 1535 165 240 36
2047 2083 2047 2083 1532 1532 1550 1550 212 15 40
59380 59305 59380 59305 1600 1600 1626 1626 189 28 136
59281 59254 59281 59254 1616 1616 1625 1625 244 165 62
59686 59659 59686 59659 1608 1608 1617 1617 130 246 10
60610 60574 60610 60574 1622 1622 1640 1640 40 198 42
60468 60440 60468 60440 1601 1601 1609 1609 144 213 97
1976 2012 1976 2012 1532 1532 1550 1550 37 72 125
2010 2046 2010 2046 1562 1562 1580 1580 80 239 124
2314 2353 2314 2353 1516 1516 1537 1537 231 182 202
59420 59393 59420 59393 1616 1616 1625 1625 228 178 250
1959 1995 1959 1995 1555 1555 1573 1573 94 121 71
61231 61195 61231 61195 1607 1607 1625 1625 202 119 182
2308 2335 2308 2335 1563 1563 1572 1572 236 86 88
59530 59503 59530 59503 1616 1615 1625 1624 42 148 202
1700 1736 1700 1736 1525 1525 1543 1543 53 184 12
61300 61264 61300 61264 1592 1592 1610 1610 176 221 43
60970 60943 60970 60943 1608 1608 1617 1617 20 134 25
1670 1706 1670 1706 1547 1547 1565 1565 157 202 198
60299 60272 60299 60272 1615 1616 1624 1625 246 134 98
1901 1928 1901 1928 1571 1571 1580 1580 229 5 151
60943 60916 60943 60916 1608 1608 1617 1617 44 117 174
61364 61337 61364 61337 1631 1631 1640 1640 168 149 220
61452 61416 61452 61416 1637 1637 1655 1655 208 132 95
1516 1555 1516 1555 1531 1531 1552 1552 112 253 145
Current Objects
End Step
SimulationStep: 120
Current Pedestrians
60027 1588 false
52587 1590 false
35364 1563 false
48666 1553 false
22248 1552 false
5833 1500 false
33021 1515 false
11554 1628 false
59919 1545 false
5343 1619 false
58583 1545 false
26804 1620 false
32435 1604 false
2053 1620 false
31818 1635 false
48193 1635 false
29752 1550 false
30521 1650 false
57773 1502 false
Current Vehicles
32551 32578 32551 32578 1571 1571 1580 1580 161 7 102
58909 58873 58909 58873 1607 1607 1625 1625 33 168 133
49417 49390 49417 49390 1586 1586 1595 1595 183 180 155
14324 14363 14324 14363 1561 1561 1582 1582 46 113 112
32529 32556 32529 32556 1571 1571 1580 1580 237 53 56
59022 58986 59022 58986 1607 1607 1625 1625 117 138 162
58918 58882 58918 58882 1630 1630 1648 1648 81 222 16
18486 18561 18486 18561 1555 1555 1581 1581 90 30 98
32535 32562 32535 32562 1571 1571 1580 1580 24 16 141
50667 50640 50667 50640 1586 1586 1595 1595 140 255 122
59078 59042 59078 59042 1607 1607 1625 1625 25 31 75
14298 14338 14298 14338 1546 1546 1567 1567 158 131 134
50615 50588 50615 50588 1586 1586 1595 1595 215 172 101
4081 4117 4081 4117 1562 1562 1580 1580 202 106 193
4658 4694 4658 4694 1562 1562 1580 1580 236 99 3
58977 58948 58977 58948 1623 1623 1631 1631 24 95 148
50439 50412 50439 50412 1586 1586 1595 1595 85 19 47
59241 59205 59241 59205 1585 1585 1603 1603 22 249 45
58940 58900 58940 58900 1583 1583 1604 1604 8 19 80
10247 10287 10247 10287 1553 1553 1574 1574 128 230 77
58945 58917 58945 58917 1616 1616 1624 1624 117 250 78
11571 11611 11571 11611 1553 1553 1574 1574 65 123 30
3563 3599 3563 3599 1562 1562 1580 1580 208 74 81
50449 50422 50449 50422 1586 1586 1595 1595 159 180 214
3782 3818 3782 3818 1562 1562 1580 1580 168 214 138
59017 58990 59017 58990 1593 1593 1602 1602 206 166 88
2973 3009 2973 3009 1562 1562 1580 1580 91 106 199
59515 59479 59515 59479 1592 1592 1610 1610 152 7 223
50618 50591 50618 50591 1586 1586 1595 1595 146 9 139
3296 3332 3296 3332 1562 1562 1580 1580 40 204 106
2735 2771 2735 2771 1562 1562 1580 1580 208 93 191
59041 59001 59041 59001 1583 1583 1604 1604 60 36 147
2247 2274 2247 2274 1556 1556 1565 1565 222 15 127
2350 2390 2350 2390 1553 1553 1574 1574 67 229 37
60031 60003 60031 60003 1593 1593 1601 1601 151 72 225
59292 59265 59292 59265 1593 1593 1602 1602 167 110 2
2290 2317 2290 2317 1556 1556 1565 1565 182 191 64
2425 2461 2425 2461 1547 1547 1565 1565 47 111 119
59842 59806 59842 59806 1630 1630 1648 1648 105 25 76
2052 2079 2052 2079 1556 1556 1565 1565 194 211 120
59323 59296 59323 59296 1631 1631 1640 1640 208 133 248
59288 59261 59288 59261 1623 1623 1632 1632 140 102 167
2293 2333 2293 2333 1531 1531 1552 1552 27 138 238
2385 2425 2385 2425 1561 1561 1582 1582 50 151 120
59248 59208 59248 59208 1606 1606 1627 1627 11 238 156
2263 2303 2263 2303 1561 1561 1582 1582 124 52 221
2425 2461 2425 2461 1525 1525 1543 1543 152 84 33
2084 2111 2084 2111 1548 1548 1557 1557 156 76 101
59252 59225 59252 59225 1608 1608 1617 1617 198 174 240
2194 2230 2194 2230 1517 1517 1535 1535 165 240 36
2047 2083 2047 2083 1532 1532 1550 1550 212 15 40
59380 59305 59380 59305 1600 1600 1626 1626 189 28 136
59281 59254 59281 59254 1616 1616 1625 1625 244 165 62
59686 59659 59686 59659 1608 1608 1617 1617 130 246 10
60610 60574 60610 60574 1622 1622 1640 1640 40 198 42
60468 60440 60468 60440 1601 1601 1609 1609 144 213 97
1976 2012 1976 2012 1532 1532 1550 1550 37 72 125
2010 2046 2010 2046 1562 1562 1580 1580 80 239 124
2314 2353 2314 2353 1516 1516 1537 1537 231 182 202
59420 59393 59420 59393 1616 1616 1625 1625 228 178 250
1959 1995 1959 1995 1555 1555 1573 1573 94 121 71
61231 61195 61231 61195 1607 1607 1625 1625 202 119 182
2308 2335 2308 2335 1563 1563 1572 1572 236 86 88
59530 59503 59530 59503 1616 1615 1625 1624 42 148 202
1700 1736 1700 1736 1525 1525 1543 1543 53 184 12
61300 61264 61300 61264 1592 1592 1610 1610 176 221 43
60970 60943 60970 60943 1608 1608 1617 1617 20 134 25
1670 1706 1670 1706 1547 1547 1565 1565 157 202 198
60299 60272 60299 60272 1615 1616 1624 1625 246 134 98
1901 1928 1901 1928 1571 1571 1580 1580 229 5 151
60943 60916 60943 60916 1608 1608 1617 1617 44 117 174
61364 61337 61364 61337 1631 1631 1640 1640 168 149 220
61452 61416 61452 61416 1637 1637 1655 1655 208 132 95
1516 1555 1516 1555 1531 1531 1552 1552 112 253 145
Current Objects
End Step
